pk_local;Region Code;Address Number;City;Country;Customer Address 1;Customer Address 2;Customer Address 3;Customer Address 4;State;Zip Code
809f77c185ed7865cde5b35c72b04fb0168ed26e4a421ec76c8cb63a867240ce;0;10002220;Prince George;CA;1594 Nicholson Street;Não Informado;Não Informado;Não Informado;BC;V2N 1V6
629be0ebf84953be5f5ec9478f5385c4a362f3344b948eb4d580ce40c81c50d9;0;10009885;Winnipeg;CA;PO Box 7100;Não Informado;Não Informado;Não Informado;MB;R3C 3B3
f60950dfde0bfb31fb193ea93a2f048de2e61f7f6adb005b202bb4ec3f13d40c;5;10024880;"";"";"";"";"";"";"";""
3b68ea7db7172b984f3ab0a6fa1e8651b371e9bc1e2ec9b6f96c7ed99c9c71e4;3;10003720;Hermitage;US;2755 Kirila Boulevard;Não Informado;Não Informado;Não Informado;PA;16148
d3fa81d108f10f5e98174b5095ac28e585f17c2f8cca7cb0533b984c201576ee;1;10021184;Aurora;US;14312 Stenbock Way NE #F;Não Informado;Não Informado;Não Informado;OR;97002
2aad9c3e8a87909a0cbac8e4a69c6d73cc069d01c13aece6b97ba8bad2efc100;4;10010974;Chippewa Falls;US;13296 County Highway 00;Não Informado;Não Informado;Não Informado;WI;54729
777b2a0c1652fef6da9264a0aeaf75d4879064ebef897bcfa9a43d36f2f64b9e;3;10006848;Fredericksburg;US;1101A Potomac Avenue;Não Informado;Não Informado;Não Informado;VA;22405
a48e33168e16d4da34d93ff5d4fe3a67707e3f84fb959fa47e46df20ece7b4b4;5;10026521;Quezon City;IR;97 Banawe Street;Não Informado;Não Informado;Não Informado;Não Informado;1114
c2f5cdd80352b507493aa6fc7ea5ec23f3cc6a66e65db47053245bfa18a47cc3;5;10013127;"";"";"";"";"";"";"";""
9dfc86b3e5562622151a02075c3f1a9d27bcc7570a8abc1796941839a75a004a;2;10026336;Columbia;US;PO Box 26;Não Informado;Não Informado;Não Informado;SC;29202
c590ba7926ee05cf1ba1fe4756745dd9e58f191dc2c3483cbd3722531380b448;2;10019617;Spring;US;2445 FM 2920;Não Informado;Não Informado;Não Informado;TX;77388
19772b4dd4be7e787f6fd2ab90b25839f2cf84ee119749a4d2b679eb8eda895f;0;10014471;Calgary;CA;2916-21st Street Northeast;Não Informado;Não Informado;Não Informado;AB;T2E 6Z2
a200b3bcb1aa9bce37493b0524df2fc3b7ba9e019f29367239a57a9097868400;1;10009647;Sacramento;US;3248 Auburn Boulevard;Não Informado;Não Informado;Não Informado;CA;95821
28af61101494c0a754b450f9853251cb63dbe55faf76e41b15947d682d51fcbc;4;10026055;Eau Claire;US;5100 Highway 93 South;Não Informado;Não Informado;Não Informado;WI;54701
60cd557f935e923f3f3c1b233cb16b8499f8b64f07095a52dff7b9e092266b45;4;10015275;Marshfield;US;1601 East 29th Street;Não Informado;Não Informado;Não Informado;WI;54449
531e104473f4cf71450d4c4b3446f336acf626bafdfcb630008106b096ef8e36;5;10020491;"";"";"";"";"";"";"";""
49a5c794722b0bd49c01707da640a1bbe864684f0f56267b5a6c91d30f31c34b;1;10024260;Spokane;US;PO Box 13056;Não Informado;Não Informado;Não Informado;WA;99213-3056
df89f2e8709e751afe52159ad648e977891ba76ad4759fcf883ef8a178d8dc06;4;10022444;Livonia;US;Detroit Technical Center;37002 Industrial Road;Não Informado;Não Informado;MI;48150
0b82c6b9fbc3f6dd6214a9a52f6dad3964199aaeb44d112f8fe40487c257ab2f;5;10014043;Guadalajara Jal Mexico;IR;Rinconada De La Floresta 1137;Rinconada Del Bosque CP;Não Informado;Não Informado;Não Informado;44530
6830e7632a420daf943495e7e804c77b5e5c3c7b8d0d7affffec398b5cd925fb;5;10026009;Não Informado;AU;2 Calle 25-80 Zona - 15 Vista;Hermosa II Local 2;Não Informado;Não Informado;Não Informado;Não Informado
ffe3b6e5ca8c3d7086fc37623289f943cec9b91c953c037a823d47e0b6fb4e1a;5;10002161;"";"";"";"";"";"";"";""
c2d9eceee5ada7c39a3e9c10d90dac54c7de2ed039f11b2aa2326848686fda58;4;10026606;Dearborn;US;Central Accounting Service;PO Box 6005;Não Informado;Não Informado;MI;48121
bd5e18407641328751af323534b34b19872a8765c5a2af8a2bbbb55dab38c95d;1;10025051;Anchorage;US;1301 East 64th Avenue;Não Informado;Não Informado;Não Informado;AK;99518
f68c2d2b80eb34aed10950fb9f899ac70444948d74f4d18005d73dada385d17e;2;10025758;Oklahoma City;US;4532 Enterprise Drive;Não Informado;Não Informado;Não Informado;OK;73128
72e72dad33c60b05ae5c34a6e48804cfa5b2c67e1250d89aee50eef3b0e2118a;3;10025062;Bedford Hills;US;731 North Beford Road;Não Informado;Não Informado;Não Informado;NY;10507
a97e902f81e51e487a5a17b58039778aabc9d2cd29c668d323fb4bfd0bc7a7bb;5;10020449;Santiago;UK;Attention: Rodrigo Yrarrazaval;Jose M Infante 2320 Nunoa;Não Informado;Não Informado;Não Informado;Não Informado
d5291d6f763ecce3b29d22d17b62557af17f586092d5fe90b03d216017700406;1;10023489;Sacramento;US;3248 Auburn Boulevard;Não Informado;Não Informado;Não Informado;CA;95821
c4093bf8295ffec1709cb0d0f1a444235b5903d2344c143572d2acaf19cc31d3;2;10016542;Greenville;US;Greenville PDC #23;52 Bruce Road;Não Informado;Não Informado;SC;29605
63540325c9f325c23b94d2daa47c48c666e9e0c70f0d9966efd19f28f3f94d57;5;10025304;Não Informado;UK;Não Informado;Não Informado;Não Informado;Não Informado;Não Informado;Não Informado
95ba6ecce2e132a306e34d946b2226f8536659fb3eca5d006a077b980cd0baac;5;10025052;Songtan SI;AU;150-3 Chilkei-Dong;Não Informado;Não Informado;Não Informado;Não Informado;459-050
981be49a243aaebfd524617b741e8288089ff14589718e2be959767676ea5b7f;0;10025299;Montreal;CA;6260 - Place Northcrest Suite 305;Não Informado;Não Informado;Não Informado;QU;H3S 2T4
ab4721b34156c515b4eaa4ae02a5e6cbe0fcb847d7ad2bbb23ff598fb3740b22;5;10015956;"";"";"";"";"";"";"";""
b68e87d537c9211ac8fe7382285338e9195c3ab5cc11ae7794e23890c1665b51;1;10000480;Phoenix;US;Attention: Accounts Payable;PO Box 21502;Não Informado;Não Informado;AZ;85036-1502
9a5e5ae53845bff7664f3c5da58aa8fb46c917a4a682f835612d934a6d6af68e;0;10022240;Mississauga;CA;1665 Shawson Drive;Não Informado;Não Informado;Não Informado;ON;L4W 1T7
85b0e34576337e16b3df167c67fae812dfd88fa84ac3af22e92d91d02330d986;5;10021283;"";"";"";"";"";"";"";""
48c86f55f8d14fe10f9e2c54adc5212274a4ccb20a6c1481e6304dfd5fbd9529;5;10022755;Johannesburg;AU;PO Box 86222;City Deep 2049;Não Informado;Não Informado;Não Informado;Não Informado
f1724729a416c4257ab033ec6bcee1b60fc79f7c8980cd0cbfc758d71081f247;5;10024477;Santa Cruz;UK;Modulo 2 Manzana 27;Parque Industrial;Não Informado;Não Informado;Não Informado;Não Informado
8695b2bef7d5c59974d0924f7bf21a8f5d25074e479ec83a42437ab16318ad3b;5;10006983;"";"";"";"";"";"";"";""
1bd38b847a74676e03233678cddbbe51e3292dce19b915dc2488a32843f36171;1;10015793;Sacramento;US;3248 Auburn Boulevard;Não Informado;Não Informado;Não Informado;CA;95821
541f43a10270dc031212cb0df59ba861362ced1402b274ebe279687122e16da0;1;10023275;Portland;US;PO Box 30659;Não Informado;Não Informado;Não Informado;OR;97294
5c7a16c0bfcbcc4b06b58735072c43cbec07d2a6eda2cfe1dfd49f1279955f00;4;10025061;Canton;US;PO Box 80509;Não Informado;Não Informado;Não Informado;OH;44708
4a288ab34a3ff6c8ee33d2a2703c784222e5853630e46f86973a16e0696dbc12;4;10014469;Livonia;US;Accounting Department Service & Parts;PO Box 537940;Não Informado;Não Informado;MI;48153-7940
8757ba515892fa92f0a2a2b0d2ba67097d1cff382dca14843078d56c0c441ea8;0;10026268;Surrey;CA;Unit 403 - 17665 - 66A Avenue;Não Informado;Não Informado;Não Informado;BC;V3S-2A7
3ce5882d961ab6b06a5dad2fd9d0d329fd974c7466acea9b1eb6531a8e817aba;2;10024725;Jasper;US;PO Box 174;Não Informado;Não Informado;Não Informado;TX;75951
7fa328290b62c9069660d1942fc5a4981f749b0e8f004236199f6e2fb99fc05a;1;10018628;Tigard;US;12805 SW 77th Place;Não Informado;Não Informado;Não Informado;OR;97223
5d3a0d1820a243c1a3f6d2b000a0e40d7a71f3b412e5321fd60652c48ea8ccd3;0;10020448;Regina;CA;1155 Mackay Street;Não Informado;Não Informado;Não Informado;SK;S4N 4X9
fd067b20455ba1e500ade45561a3bd72270974283d2214b7290a8a1358581a40;5;10012158;"";"";"";"";"";"";"";""
328b3010af72ca2986475d2e2a69f8f1600051d6ea4dfbfc6ff8b9ab98f95c7e;5;10016780;"";"";"";"";"";"";"";""
e1f3da88c02b3140dfadf3a0ce7a53fe4a02071037f0d446607310b0ff0cca91;5;10019812;"";"";"";"";"";"";"";""
29eed612e2c7861c5027b0054954155516ecb3a65a71721d2962faaff584e4e4;5;10002150;"";"";"";"";"";"";"";""
e44d47bf4ca0dc20321eda6c748791be0fe741e6b9732fa2a29e48af14899970;1;10021412;Clackamas;US;13101 SE 84th ave;Suite B;Não Informado;Não Informado;OR;97015-9733
50ca84abc9cb7233a01d03b4471bf2fffca3caa3995994fef0b35635bf848fff;4;10009676;Kalamazoo;US;167 East Kalamazoo Avenue;Não Informado;Não Informado;Não Informado;MI;49007
d9dbd536f6530c1899e994c6df043229b0329a658f0b6b7437c92c20f3f62cb2;2;10022470;Ormond Beach;US;Attention: Linda;100 Business Center Drive;Não Informado;Não Informado;FL;32176
9adb58c0de6ce17e8f7552babb98cef45a6880d32382ac41e06cde808504cc4c;5;10026365;"";"";"";"";"";"";"";""
b5052f077b5f9117ee3e2a1fcfe3815275785994396bb6568f7cd8c59f0f2878;5;10013079;"";"";"";"";"";"";"";""
fd2a18c3f192d31691f36db06dd7b49f8a3bff2ae721af1220dd6c754154c68c;5;10002137;"";"";"";"";"";"";"";""
d897a2ca8c2f9f440cce0b13238c1aebb60016474a558630d236ff723acd57b8;4;10024524;New Hampton;US;PO Box 511;Não Informado;Não Informado;Não Informado;IA;50659
dbe1d631dadb722d02ea0936a57bce09323e0153eef9d60b7adbaa784884b5a1;5;10021160;"";"";"";"";"";"";"";""
167bf1e97390963717d75149c005853f25f3ce3a68e2970410b26db1b94beb5c;5;10018603;Dubai;UK;PO Box 12932;Não Informado;Não Informado;Não Informado;Não Informado;Não Informado
36c6f45a268b54881278ce2ae3f228db69558b9970530f2c0096a7c1236fb261;2;10000460;Goodlettsville;US;709 Rivergate Parkway;Não Informado;Não Informado;Não Informado;TN;37072
cccf07b30d1c2592258cb91faab978fe62ee7aa06db0b180e0618639a308cb76;5;10025353;"";"";"";"";"";"";"";""
ef3c7767033519f98e08ee4b632ce8a73e7d09d51d81b1743dfcf51d3e35e584;2;10000475;Charlotte;US;5745 N Tryon Street;Não Informado;Não Informado;Não Informado;NC;28213
ab4e5520d6b6c770c8ef5c1e49da046edf9624e47eaea7a0900349d95b3b9b1f;5;10015886;"";"";"";"";"";"";"";""
41483ea44835bd469021e6ab0917a74a4bb190c262e7e2f8abfca73afc579122;5;10013341;"";"";"";"";"";"";"";""
37d532c48d9d04ef782e11f0d3806062c45c32602e9111536ad601d48ee3030f;2;10006805;Miami;US;1801 NW 82nd Ave;Não Informado;Não Informado;Não Informado;FL;33126
2c542440c3e8382308e9de05a04247ad39c2715d79bc5f9e3bd1c7908106617f;5;10021305;"";"";"";"";"";"";"";""
9e29ebdcc001752567e646a601fdd7cbc2911e813b57fad0675240562f18bc42;1;10005006;Boise;US;601 East Gowen Road;Não Informado;Não Informado;Não Informado;ID;83716
9a937fdef08fd91f69bb72ec73e483d7e4770d30f32ec22454745255bf4fad70;4;10000474;Des Moines;US;PO Box 3265;Não Informado;Não Informado;Não Informado;IA;50316
7c2d7bfc0c958fb163a2932994304369ecbb59b846f6ebc6b3dbd67f40522d8b;1;10024022;Irvine;US;9950 Jeronimo Road;Attention: Sohaila;Não Informado;Não Informado;CA;92618
caa718a5479711f4d7749d041f7ad9166692f8d321982600bedebd49028cb2cc;3;10024246;East Providence;US;580 Waterman Avenue;Não Informado;Não Informado;Não Informado;RI;2914
8539c0feb17c210c619557a12f69721096fca00d444427f911d7cf63fb439598;2;10025302;Tulsa;US;4345 South West Boulevard;Não Informado;Não Informado;Não Informado;OK;74107
e2a247b3d46d94417520143b9f8fb305edc4dd32fff11ed19fff7b2ba11a8665;0;10027082;Edmonton;CA;9111 41 Avenue;Não Informado;Não Informado;Não Informado;AB;T6E 5V2
b9cd20f60f15b1f098a6199cbd9c1a739d7b6a4d55cd95031dca1da65cfab639;5;10007536;"";"";"";"";"";"";"";""
43f9fb36e1fc4d1c8dc79e46aa446793bcff8869a4831de81e4402c6a7615296;4;10010935;Sioux Center;US;877 1st Avenue NW;Não Informado;Não Informado;Não Informado;IA;51250
b23d2c1f162a00102f9ed589a60cce62370ed796040a6aa37ee524b01eccfb81;5;10005810;"";"";"";"";"";"";"";""
b509fbd39c03133e4553071cfe08d31207d3b5cdbf4e899fde1569e594f4a647;5;10015325;"";"";"";"";"";"";"";""
671097de9caef4f323afc8b9f416c39808b055bd753211b25677239fd5877ba6;1;10021422;Brea;US;3251 East Imperial Highway;Distributor #1111190;Não Informado;Não Informado;CA;92621
95b67f347242afadeeb17da831f717d6d4392098ef8ecf7c163d20a53e023106;5;10009645;"";"";"";"";"";"";"";""
6a9e931fda2339242c864f8e2c3f434ccb4f76eb1e047b80a71fd7c3a508fd17;5;10002155;"";"";"";"";"";"";"";""
e1a1fcaace1f770f4816343e2893bab1e08033f42062ad0b225d55603c266148;5;10026868;Valencia;UK;Aut Reg Del Centro Valencia;A Pto Cabello Dist Naguanagua;Centro Comercial;IL Portico;Não Informado;Não Informado
a1ad3e192cdcf6e3b211f7029530666ed4c0dfae57131441db9561da6408931f;5;10005376;"";"";"";"";"";"";"";""
1d7d55477619fe0cea0d57ef7049452cb7996c9cf2a0a2ad7c36ccbbe3adfb66;5;10002159;"";"";"";"";"";"";"";""
3a11a7507952e805ac303f82029e68d66b539d226af4d1296e4559de5ed6562a;5;10013011;112 Reyjavik;AU;Vagnhofda 23;Não Informado;Não Informado;Não Informado;Não Informado;Não Informado
fa88f36cb4db8bee7401b78565c16891853df97b0981c22798860b837b49bf76;5;10009863;Beijing 100088;UK;PO Box 065;Não Informado;Não Informado;Não Informado;Não Informado;Não Informado
fc27b941d6bcc8ac652b79baf7739758b726d7c83331494e329a9ff25a13e87e;0;10011724;Ingersoll;CA;300 Ingersoll Street;PO Box 1005;Não Informado;Não Informado;ON;N5C 4A6
344bd692999cc7d2018808eedc838dabb68ae2f56f0e2b4e8a80330527e86d50;5;10020227;"";"";"";"";"";"";"";""
67fbbdd02478c458beb0ac9dc681f610a883ad2a040988959f132c7b0dd449eb;0;10010884;Boucherville;CA;170 Industrial Boulevard;Não Informado;Não Informado;Não Informado;QU;J4B 2X3
4efd846d906c0e172671d5af661cedf974c0cc36ddbf10bc0a4485a4498ede95;5;10023703;Istanbul;AU;DUMEN SOK. No:3 D.9;GUMUSSUYU;Takism;Não Informado;Não Informado;80090
21ba888bc8db69d51757fbfdd87091991c24ed871e628c2ed8b441bd424f58e6;5;10018877;Beirut;AU;Dagher Plast Building 17;Baizoob Area;Não Informado;Não Informado;Não Informado;Não Informado
8344562d5b89152b72fa74e0e950cdcc50a367baf5849af5e5cfc1139644d1d3;4;10024999;Andover;US;RR 2 BOX 9;Não Informado;Não Informado;Não Informado;SD;57422-8811
6d047f65a07cf4668189e517bfe1c233c0ccc43bdb29e1632cf917934c730230;5;10020080;"";"";"";"";"";"";"";""
60c3a4cab3fc2e08c93f07fb5f2ae6f198c6420182158e866681735b23156846;5;10000471;Jeddah;AU;Al Thalia Street;PO Box 11605;Não Informado;Não Informado;Não Informado;11443
3c5841c3b5ea081136ce10dea13af91edd9671e98743c3cedb9cf057b99b3af2;5;10018868;Não Informado;AU;PO Box 871 Safat;Não Informado;Não Informado;Não Informado;Não Informado;Não Informado
2cfa187584ae1626e99987e65a9a54c76469288eb365bb8d9f52660ddf5b0da2;5;10013052;"";"";"";"";"";"";"";""
303987cdfafcfe83688526cbb5adf3d5ec66a8c7d70791b9181cb94bae8b2d17;5;10020332;"";"";"";"";"";"";"";""
fbab18f7719f31110845f2686471f42504462663fec8380db8dc9db9d0f80d09;2;10023447;Tulsa;US;Attention:  Accounts Payable;1624 North 71st East Avenue;Não Informado;Não Informado;OK;74115
cc00054cc00394cdf1fda2e41c3c7675d4836f0e2876131001c22f8c7d7fe7f6;4;10019664;MOLINE;US;PO BOX 8808;C/O APSS;Dept. 551;Não Informado;IL;61266-8808
2da2fb8549ecbaae481232307114910cfa3f42934648a103d9d9be76fabf2f5b;2;10020914;Calhoun;US;PO Box 547;Não Informado;Não Informado;Não Informado;LA;71225-0547
3acf620783c9749ce2bf839b827feaa0f248fbbde9c261207639bdf4118b7f2d;2;10009623;Gretna;US;2125 Whitney Avenue;Não Informado;Não Informado;Não Informado;LA;70056
0b442352fed56039084a9ab7013b565c342c2c6427f2f933031867b9628f874c;1;10012234;Hayward;US;PO Box 4658;Não Informado;Não Informado;Não Informado;CA;94540
8da221aa0ea71d2bb548c896aff1025fdd9058941e7308eda7241713e00bc037;5;10011979;4100 Porto;UK;Rua Eng Ferreira Dia 241-243;Não Informado;Não Informado;Não Informado;Não Informado;Não Informado
b55df67b399f2f3c9158c85112f932a04cab3e7d032789dd57b9a3b2b44020b8;5;10025242;Seoul;AU;Parts Division;140-2 Kye-Dong;Chongro-Ku;Não Informado;Não Informado;110-793
bdb8211e98b11a7e55d4a7410f9fdafd4e8f02c9efcf4d237a3952ede43982ac;4;10015824;South Bend;US;PO Box 7005;Não Informado;Não Informado;Não Informado;IN;46634-7005
22e299bf681de051a41b252e30b0cec77f150554c27eb7354c56f216eb0b7b79;4;10021485;Hamel;US;FOB: Clackamas;Attention: Accounts Payable Department;PO Box 47700;Não Informado;MN;55340-0700
315534144604f3276a7545361cba23f83a1c93db0a3915723bdb283c7b67d55b;5;10002114;"";"";"";"";"";"";"";""
fa5a6b4986321795bfc183234378d52f6e9481b731f67006565ee1a52c40bc26;4;10017036;Eagan;US;580 Yankee Doodle Rd Ste 1200;Não Informado;Não Informado;Não Informado;MN;55121
0dde9810fb31768f57aa68f350684c1f028d10ab19795d1d959bf4e1d9fa8e9b;2;10014804;Shreveport;US;Attention: Ann Borden;PO Box 31435;Não Informado;Não Informado;LA;71130
a6f9247697b2373602a12ef4770435b423de40a833798ec3a8c2cfed983da1d1;3;10025300;West Sayville;US;Attention: Paul Grady;105 Montauk Highway;Não Informado;Não Informado;NY;11796
7d07a176e02cfa0d4739238ed9d84472f0ed636f20900e5fc636f9782d54caba;5;10023757;"";"";"";"";"";"";"";""
12e459687cd0247395fc6f7a36b7935e44701dc1e39caa5448a1d6dcafb759a2;5;10023780;Asuncion;UK;Av Eusebio Ayala 3321;Não Informado;Não Informado;Não Informado;Não Informado;33126-1214
d6adbc36db07427ac6ba5c1b56030dfd9d7a13341c4bc8ed95c0bb8d1a09d201;4;10022252;Crestwood;US;13907 S Kostner Avenue;Não Informado;Não Informado;Não Informado;IL;60445-2205
b813a56563c58202251663a34597419428a24cd5427e6938cda7e893a54e9b33;3;10021470;Wrightsville;US;815 Hellam Street;Não Informado;Não Informado;Não Informado;PA;17368
bf3b38bd520bf5de95d9d60e8ad7ab3169702abd4f00b531ec8fad78109e8cd6;4;10020909;Canton;US;Attention: Accounts Payable Department;PO Box 8844;Não Informado;Não Informado;OH;44711-8844
194bd8b875a9528791b86a04777fca929c227f2b2674ce1f16ed79d853d14d84;5;10016113;"";"";"";"";"";"";"";""
19544314c795cd9fe3319dc65ab7f97bc0151e08a7aaf087b85edce32bdf432d;5;10007183;"";"";"";"";"";"";"";""
c1be4250fdb027889d5b497fe686737e17671a01379043da1de1a7aa4884d8c9;4;10017553;Ottawa;US;PO Box 660;Não Informado;Não Informado;Não Informado;KS;66067-3805
2af5526342eb022bbb78db0bf9c2b871cd310346924e29e3433d100ab128e60d;5;10009606;Kilsyth;UK;PO Box 105;Não Informado;Não Informado;Não Informado;Não Informado;3136
5b1a03831796d5d93b1ac0dc6f239b94d264effd16ac98370c7be2e082999c10;1;10025305;Colorado Springs;US;4260 North Nevada Avenue;Não Informado;Não Informado;Não Informado;CO;80907
380dc4400fd1817f0ec1d387fe4aa1abc9c016c82e776aeb6b184751bf2e1168;4;10008593;Highland;US;PO Box 99;Não Informado;Não Informado;Não Informado;IL;62249
5103219f20f34f8726f3a7ffbad564686337169da2d3b14b1d96ad8a8d9f5658;1;10010698;Gardena;US;17010 S Main Street;PO Box 88;Não Informado;Não Informado;CA;90248
d0b0af231aa4b8ee39b4a9eccec3ec592245d32a901df7068049b131ea480dd5;5;10026081;Bremen;UK;Weser Ems Strasse 2-4;Não Informado;Não Informado;Não Informado;Não Informado;D-28390
215da59f3d12c16239bf6ba7e7d80427ae773471b6d6b935d660968f0ed784eb;5;10024704;"";"";"";"";"";"";"";""
d3d268aee972cf8606c7cd8b1b6e828e5c0059a34320d29f4875b7aec8bfb900;4;10024010;Mitchell;US;Attention:  Accounts Payable;300 East Norway Avenue;Não Informado;Não Informado;SD;57301-7064
9a6a2f1bc8f79eec0d00bd407a83ea2e01804ac0b95dab11067000d02c17bf37;3;10010906;Frederick;US;5702 Industry Lane Unit B1 & 2;Não Informado;Não Informado;Não Informado;MD;21704
cb77f2ebb5c9652b10963e6b0e01364be907c0179166a3f1acf56e7e77279bae;2;10026348;Mebane;US;PO Box 220;Não Informado;Não Informado;Não Informado;NC;27302
7e4c774d6fb1ec08b175573a439bfd56d503d3747d45bbd200a7bdfb34a9bdf6;2;10000601;Creedmoor;US;1550 Aereli Avenue;Não Informado;Não Informado;Não Informado;NC;27522
65054d0b94290b28dcbdc8fb0a34b006616457a1dbf8e77a72bd4ed54b183cb8;5;10020256;"";"";"";"";"";"";"";""
00840ebe3fd61661a52d0d007018a849779f62fbe512db10227ee1ebf6663f7b;1;10017828;Cypress;US;PO Box 762;Não Informado;Não Informado;Não Informado;CA;90630
be906e7251596bfb901ae561d962ada40ce0a07814982ad4de1beab28614ad46;2;10020184;Smyrna;US;Corporation USA;Nissan Drive;Não Informado;Não Informado;TN;37167
d319e7cb131087ddf6240f29eb6155f2e7a7a98ef3f744b8ad54f168d4f8eb13;1;10025238;San Diego;US;4567 Federal Boulevard;Não Informado;Não Informado;Não Informado;CA;92102
24d1fa58f5c2786eb9c758e49812b1a44845c1de3b34312a907c0c75b67c5be6;5;10007457;"";"";"";"";"";"";"";""
c6fc4e93ecd0ae9ad44297f86ab1047234570c385f8f1791e7573a99daf3a7a1;0;10016609;Winnepeg;CA;Unicity Distribution Systems;1445 Church Avenue;Não Informado;Não Informado;MB;R2X 2X9
f67a11291a58ebedae4854a62396a18b185aefcb0ce5508f1400701a6ae56652;3;10017638;Roanoke;US;Advance Auto Parts;Attn  Merchandise Accts. Payable;P.O. Box 2710;Não Informado;VA;24001
7e4010d6e6c4671b234a6d3908c58d33f3c7d117ed188e787311d5c7e1249c15;1;10020931;Bozeman;US;PO Box 549;Não Informado;Não Informado;Não Informado;MT;59715
af69cd37396bd919861c824a08b90c007f92a7d7e54cbdc946fe494c6f900679;2;10023471;Odessa;US;915 West 42nd;Não Informado;Não Informado;Não Informado;TX;79764
207053ca44443d6e02e208b34f589d3bddf9541ce5d6f6fe289fe1cf96fb76a0;1;10002709;Albany;US;PO Box 99;Não Informado;Não Informado;Não Informado;OR;97321
bc39e81c1ab9291ab502364d4c1a45dc724c2ca3af192306f2493b90092d3b08;5;10025086;"";"";"";"";"";"";"";""
2319f62e1b03603eb50f108fe7268e157e1f1060929ae9cbfdf72b2dde32dba6;0;10025298;Toronto;CA;1111 Finch Avenue West;Unit #22;Não Informado;Não Informado;ON;M3J 2E5
d2392a4219eb650c8824dee8de18d5a58cd3bd0d992ba5821d5d85d499735c54;5;10014059;"";"";"";"";"";"";"";""
88f16cdaadf205fb028dd96fe76b7cb0a13ce4476a080ca3e3455489d0125790;1;10021179;El Cajon;US;316 Millar Avenue;Não Informado;Não Informado;Não Informado;CA;92020
74e983e7ee45d826846543c044ea8bff043a671ff667294999eb0054ad9077ce;5;10006977;"";"";"";"";"";"";"";""
f3dff41b58de31312ac627019f39e31de2a1f77ed22d430e6c10f97ad08787a7;5;10024942;"";"";"";"";"";"";"";""
59ee4dd07542215ae5ae10b624b26980ce6069c09e701f95b9eb7e110f4913c4;2;10007355;Amarillo;US;3601 Amarillo Boulevard East;Não Informado;Não Informado;Não Informado;TX;79107
41b861cfd7b6f1b790bc9180e1730ac8d1a6f5b84d55a08d256204a3df56e878;2;10019879;Duluth;US;3564 Buford Highway;Não Informado;Não Informado;Não Informado;GA;30096
d9eaf3a85fe96c9c784d148192256aedba6b0a0608ecd9d116c5aaca0e57cd26;5;10025359;"";"";"";"";"";"";"";""
6c47ee757be5d389451456b9556de3b3b61e37d68733275595f7ed21573bc701;3;10027572;Elma;US;2210 Bowen Road;Não Informado;Não Informado;Não Informado;NY;14059
f866d786a56519c927c18225ca0b891a3d08e4edee595d7a76dab18fbe1076a5;0;10000469;Montreal;CA;Attention:  Accounts Payable;7025 Ontario Street East;Não Informado;Não Informado;QU;H1N 2B3
dd56a363e50173e5920e48d82c48f28183eb8d4d54893d3706fb04037e4665ae;5;10020281;"";"";"";"";"";"";"";""
362b776945fed362e84ee46e9955d759bac18a974d7bc07b6bcafa18aebe24c2;4;10020445;Rapid City;US;PO Box 80;Não Informado;Não Informado;Não Informado;SD;57709
2420221317ac0e821acce43efb5c9cbc02343fb505228f42e05310c204e2a2b2;2;10020413;Okarche;US;PO Box 447;Não Informado;Não Informado;Não Informado;OK;73762
1ae36fb1c4481e653b5cf2f755825e6672a539d11d3a078350cdbf8ccabbee70;5;10007117;Taipei;AU;8F No.19 Chang Chun Road;Não Informado;Não Informado;Não Informado;Não Informado;104
9aed18afebc6ecc19a5b53bfae2d9a8aaefca0832134d5571bb1cdfadbfe8049;5;10011093;"";"";"";"";"";"";"";""
fc6e537f7aeb82fd59371cfb772180819191c34f09a15587e4c062fb20de7f82;1;10015030;Anchorage;US;2192 Viking Drive;Não Informado;Não Informado;Não Informado;AK;99501
8fe369cd814727136e845fb4d45faa6f13dfdb3308afe8a4365f4da99de1fe65;4;10020927;Sidney;US;One Cabela Drive;Attention: Accounts Payable;Não Informado;Não Informado;NE;69160
23cbadf5c475a69b79bf7e88bad7e82e530eff7830fa85429ddf7df5497a8950;1;10023778;Hillsboro;US;PO Box 70;Não Informado;Não Informado;Não Informado;OR;97123
57f6b15911e881bd0b4cf7c90de0ade728cc026761e85571f93d38ae71704db5;4;10025036;Kansas City;US;1920 East Front Street;Não Informado;Não Informado;Não Informado;MO;64139-1538
65e7f72f91c60dae8105b1dad5ab0542b905364b363a89f2dfa1fa981a49c13b;1;10019109;Sacramento;US;Sacramento PDC #13;Attention  Accounts Payable;PO Box 15279 C;Não Informado;CA;95851-1297
32f2e15540a49185f3afc521463e5686aaf6d4f14864ef2879afee767edb46f4;5;10019512;"";"";"";"";"";"";"";""
920379edc20742c4296007c7349f963b9b83e455e5a8a137f390906bdb520b96;5;10011089;"";"";"";"";"";"";"";""
253c30d722703937436410c0c51c1bd2df7ec0b261e27b5364a6b245522e2ef6;2;10009679;Meridian;US;2400 Highway 19N;Não Informado;Não Informado;Não Informado;MS;39307
9f47e467316611c7366f7754c8d194c5fc65feaa33ce091766dc4f8050e73b64;5;10011732;Não Informado;UK;Não Informado;Não Informado;Não Informado;Não Informado;Não Informado;Não Informado
83f651f5ff19436a6b001b8e800a658c4269ce34f36016e359d6d68b9265d201;5;10013312;"";"";"";"";"";"";"";""
c22397a4f149293ba67d98aca2f6f187dde21bf8f1b652ed11c6aa21ca2f5de5;1;10000455;Huntington Beach;US;7392 Count Circle;Não Informado;Não Informado;Não Informado;CA;92647
f1a6ce97da7f17cdf0ce8260218614ca7cc4f286a3ba873c5309b9dcaec41388;3;10015783;Philadelphia;US;Attention: Anna Markert;3111 W Allegheny Avenue;Não Informado;Não Informado;PA;19132
9801b57c4e20c81b757962b20cecc23f4bc0e6821199b9a820729b916817dd4f;1;10009631;Corona;US;1477 Davril Circle;Não Informado;Não Informado;Não Informado;CA;92880
dab3ad8785f3f5deea401739984504e55755e58383205389744d4bc8cb2aa06e;1;10000473;Rancho Cordova;US;3290 Monier Circle #100;Não Informado;Não Informado;Não Informado;CA;95742
34b77ce75248fc0efe2140f3ab52c9239dea3b38018b77d2a78169f464de3ef5;5;10026334;"";"";"";"";"";"";"";""
ed7c56d32ccaf491ddeb61d1c008528d7db752245cd9b1f338367c494b927378;5;10026294;"";"";"";"";"";"";"";""
5449fb9ccdc62de8c535b04d634cd0c293616aa7297f293f26113a7eebe91e02;2;10006862;Pearl;US;4410 Highway 80 East;Não Informado;Não Informado;Não Informado;MS;39209
13cff12c06a3eb16ba9d31f187348420933579187f81e04d61e2a416ae9e4be5;4;10009643;Flint;US;4103 Holiday Drive;Não Informado;Não Informado;Não Informado;MI;48507
8dc8d63e2bd31f0a71bff29d7f60978d92e48049ff699e2ac1c4d9db5d5fc7cd;5;10003882;"";"";"";"";"";"";"";""
0dc035f9e8e12d63f3d6af7d9f668ddad9f1385582d0e05a2d24367d0ed04559;5;10025737;"";"";"";"";"";"";"";""
543601aa42881f56397fd17cb8dee313bebf72d810289ebf07812d6cad3de1fc;1;10004245;Portland;US;4747 N Channel Ave;Não Informado;Não Informado;Não Informado;OR;97208-3591
4bcd4a524e540fa540d4ec62ce48507de1eb3975b5cc35acb95f82ab47e38ddb;5;10015267;Sollinge Molle;UK;5750 Ringe;Não Informado;Não Informado;Não Informado;Não Informado;Não Informado
e91bda4e862ba687c656130296921233a03838b073ee7354b3254c2fe78c0930;4;10013232;Milwaukie;US;PO Box 250825;Não Informado;Não Informado;Não Informado;WI;53225
6c455e6ccb23e190d48d7a80e079e4620c3739b2d4b837fdbca06326ca9ba8bd;0;10012235;Winnipeg;CA;PO Box 1005;Não Informado;Não Informado;Não Informado;MB;R3C 2W7
cc9ea258ff57cfa77cc22e5b3e138ceb19cbfc99bb86c1bdf59bfe2d260d8087;4;10000458;Saginaw;US;PO Box 840;Não Informado;Não Informado;Não Informado;MI;48606
84d83d89cc40f4a28872d43679bc30b732e3440768a6df12b301e90facfc5fcb;2;10027575;Dallas;US;10400 Plano Road;Não Informado;Não Informado;Não Informado;TX;75238
312b7579dfcde27ddaf8b280e18b5550380e89dfc2e892f4893f2875b5c246c2;2;10023793;Holden;US;PO Box 249;Não Informado;Não Informado;Não Informado;LA;70744
d711c2b6f85d57c290327f92445abea35594329713d227eb1e29c625c5e881a7;1;10026355;Casper;US;1275 North 6 Mile Road;Não Informado;Não Informado;Não Informado;WY;82604
d2b2a3466f7d2f223c4da4072ba73df2d6dc07757439dfb47ceec8507e13f4c8;4;10025252;Elkhart;US;PO Box 4405;Não Informado;Não Informado;Não Informado;IN;46514
992241b1e8ab159710dcdc2345662620567d5fc7c985bd97feb1cea07cc43b58;2;10025495;Birmingham;US;PO Box 100603;Não Informado;Não Informado;Não Informado;AL;35210
137d836ad8a3d632184a99c15a558d406ba4377b74b5d3f41bebc839edddae7c;4;10016045;Monroe;US;1051 West 7th Street;Building # 2;Não Informado;Não Informado;WI;53566
5ae33bf98fec8650b7909f8f01019fb54652393958ca2fd00ba638766589aa44;1;10025791;Prineville;US;PO Box 667;Não Informado;Não Informado;Não Informado;OR;97754
d51f2e45ec2c0d3a7a4eac077f0a2c2d138a58ff0200f4eb4568eaf6922b6206;1;10022183;Breckenridge;US;1760 C Airport Road;Não Informado;Não Informado;Não Informado;CO;80424
12df4fc7d40b46d45d14a314bd9d2fddfccf73cfb7959fa85b029fb7143df31b;1;10019900;Sacramento;US;3248 Auburn Boulevard;Não Informado;Não Informado;Não Informado;CA;95821
d848486f192af4286d0b1c54f54d1cc834fe3e4a414b4dcbc3be1da43c2b5aa0;5;10022978;Não Informado;UK;Não Informado;Não Informado;Não Informado;Não Informado;Não Informado;Não Informado
88db4434028b8fa1f0eaa9ca4a98d94d95c14230fcea7164b0c4ca609fd205db;3;10025583;Nesquehoning;US;One Industrial Complex;Não Informado;Não Informado;Não Informado;PA;18240
0660fdbca26c76b55df22caac9ca5c6c27feaeee721b61a3949fbddcb94b8cb2;5;10013538;"";"";"";"";"";"";"";""
105019fd1d0ba902295c04f8ee58c9ec48fd5729ad35380368f15be0ceecb531;5;10011821;"";"";"";"";"";"";"";""
d563012c9327b1d6924ece788fbbafd4d9644c686f3cb1f8077dbe56e6e42d67;5;10002520;"";"";"";"";"";"";"";""
e965216625e0410c974886367193ca8ac28072038ea23b9484a4947f6a5c0e68;5;10007448;"";"";"";"";"";"";"";""
3b83d8787843a6f45948aa870d5d9f679423d1b5f63db06e55677082c6065528;5;10011546;"";"";"";"";"";"";"";""
2104abf53409eb1c8737b4ad58811f121ab70dac679e5cd6b134949c23b7eb0a;5;10002139;"";"";"";"";"";"";"";""
707ac07798822631fab2a613c3a8da6ff4d19f03899a06d3f6683e1f8263921f;3;10009657;Lewiston;US;12 Lexington Street;Não Informado;Não Informado;Não Informado;ME;4240
11e9d2567292edbc99424a019c4a434e727297d62b02844e1532128d4469b510;5;10009633;Não Informado;UK;Não Informado;Não Informado;Não Informado;Não Informado;Não Informado;Não Informado
9573699f9006a96e2c5ffc064a8d974045e0c5a086926dcdd4827db289f13a6d;5;10013080;"";"";"";"";"";"";"";""
cb8595f3599c5e0336e01ce96ff78a68fd7a0e93bc355662f3e4f238bc00cdf9;5;10000453;Não Informado;UK;Não Informado;Não Informado;Não Informado;Não Informado;Não Informado;Não Informado
9337fb56e8865dbd7940f93aded323bcc4bba6b628424ff785db23ec497769dd;4;10026078;Bedford;US;PO Box 461090;Não Informado;Não Informado;Não Informado;OH;44146
e411fcb5d8dff1341ad4c8b24a85531901c8a0b36f920f407aa200cc9287a6ba;5;10002526;EE 0026 Tallinn;UK;Kadaka Road 72 a;Não Informado;Não Informado;Não Informado;Não Informado;Não Informado
85fce5797d31f2dd36050406859ca8b6d5659f7280ed998c984294abece6bed0;1;10007120;Rexburg;US;DBA Pronto Jobbers Warehouse;PO Box 409;Não Informado;Não Informado;ID;83440
11473046fe37d5e60bae4d35025085bbcccea55402c96f1063c588c950227469;0;10017307;Anjou;CA;10401 Boul Parkway;Não Informado;Não Informado;Não Informado;QU;H1V 1R4
6884af2580b5d9f413e9d555d8ba8a08c24e7a7f09b8360c01bb2f92733dfa30;4;10022450;Overland Park;US;Attention  Accounts Payable Department;PO Box 12990;Não Informado;Não Informado;KS;66282-2990
5c54f4dc5588b6ec19cf376fdbacb5de7b1e986cba43d434c8862ef3b58ec466;4;10020915;McHenry;US;2600 West Route 120;Não Informado;Não Informado;Não Informado;IL;60050
4e4a7716936deb2466ba7644f9d12106a3a2f3528617b525a3f9e109363fdbbf;4;10010969;Elkhart;US;317 North Main Street;Não Informado;Não Informado;Não Informado;IN;46516
5367efa503b1c26d05c6af3a6af5bf7ecbee7b65c01e0548c8ad2d4beb005a1c;5;10023495;"";"";"";"";"";"";"";""
b10bc28bb545b23bd90a400457b2428c081a4a7aa40ec006cc83e019defb9743;4;10013238;Janesville;US;PO Box 5222;Não Informado;Não Informado;Não Informado;WI;53547-5222
cc551cdfe61dfb44552d9879d9f2447de4e205b91ac6a8ea68d637214960faa9;2;10022732;Lake Hamilton;US;PO Box 900;Não Informado;Não Informado;Não Informado;FL;33851
fdfb1739cba4df497cf7c9a7d9b017e20345363b083745ed85aa0635439091aa;2;10010970;Irving;US;1477 E Highway 356;Não Informado;Não Informado;Não Informado;TX;75060
87a241dc3de93756034db3acabba8dade9933ea4af21b2b9d8980856b6b4b7ca;5;10025239;Não Informado;UK;Não Informado;Não Informado;Não Informado;Não Informado;Não Informado;Não Informado
32b657924d8e0cc1a77937f05d7d1bb87fea263ef9bae5afd11a7fa834aeac66;0;10025246;Winnepeg;CA;515 Oak Point Highway;Não Informado;Não Informado;Não Informado;MB;R2R 1V2
4008c36de491f0f981af60b7658ead1fc048f68188f3f6e206e5419322daba3b;4;10023221;Overland Park;US;Attention  Accounts Payable Department;PO Box 12990;Não Informado;Não Informado;KS;66282-2990
cf13d6333ad89c42acbe2547b2c62ad11bef059eea176dc57e2521c58f885ab5;5;10014802;"";"";"";"";"";"";"";""
f9a279bfda6ad247e5dba2b1859cdd558238cca4d5d8b42754c0012aa0e38709;5;10011355;"";"";"";"";"";"";"";""
7644e46b5573d661f27fd42b1a46c3c88cc810571582c0d2ee29271460ff745a;4;10010914;Overland Park;US;Attention  Accounts Payable Department;PO Box 12990;Não Informado;Não Informado;KS;66282-2990
38a426147991bd397a40e053b39066d402117fbab6f726f67dfe26c170977ec4;1;10025248;Kent;US;730 North Central;Não Informado;Não Informado;Não Informado;WA;98032
23ed2ec4537d4b6bfafd6d5309c2b793a72d0285e4b5d7a49f604b108da6c641;2;10007123;Little Rock;US;PO Box 194255;Não Informado;Não Informado;Não Informado;AR;72219
eaac36ba2d3a39e1982c8bee6a4a817c5210dc62e9df95cd836af37d5b5d9a4f;4;10021415;Indianopolis;US;100 Gasoline Alley  Suite A;Não Informado;Não Informado;Não Informado;IN;46222
558080f140703fc7b6d6ccee437660dc8c3621790ea8b9d8f2eecf94c8b8a8c2;5;10013574;"";"";"";"";"";"";"";""
72c99cc5511be7ee58d9aa34e876ea0e963505654c4cca7c791c64c0e3333776;5;10020515;"";"";"";"";"";"";"";""
259838e5e667e53151218e22da8d8daa975fdd28f648036daeba297263dc6589;5;10020662;Jakarta Utara;AU;Kelapa Gading Kirana;Blok H13 Number 30-31;Não Informado;Não Informado;Não Informado;Não Informado
a3f756118534c78254b47d3553d794891e177e522d92872436bcd03f393d7877;5;10003857;"";"";"";"";"";"";"";""
5b685a8eb92162052382f27196da5da25fa84fcfbc3b7fccfa01a3931cd72abc;2;10009660;Augusta;US;PO box 204658;Não Informado;Não Informado;Não Informado;GA;30917-4658
da7b2ca1958c08cf97098864924ee362f44c2c32dfcd5b27c5019f16b02ee96e;0;10023022;Surrey;CA;18412 96 Avenue;Não Informado;Não Informado;Não Informado;BC;V4N 3P8
0d471dbd9c22d68742a011d0541e59c593c93db1240f7e8dce2aab9fb41a188a;5;10005922;"";"";"";"";"";"";"";""
d84ec0d34cc9a510c2aff9fe26d130388d15738144378d210c38c6e208c1cfe3;2;10011521;Okolona;US;32722 Highway 45;Não Informado;Não Informado;Não Informado;MS;38860
59080cb2e082b1c2d4271a09dccdc7b1bbc74716f46305c47d268852dc9ad2a2;4;10018867;Flint;US;2400 R E O Drive;Não Informado;Não Informado;Não Informado;MI;48507
33679f7cf3945bddceef0b4c63933a7cf89e94be2efef6ccfdeea65070df9a50;2;10021459;Olive Branch;US;Memphis PDC #19;Attention   Accounts Payable;PO Box 786;Não Informado;MS;38654-3703
c981e165b09855751c02834562fd7abc154c99587b402b5fe00a36eab6d2f0b6;5;10006836;Quito;UK;AV 6 DE DICIEMBRE;N47225 Y Samuel Fritz;Não Informado;Não Informado;Não Informado;Não Informado
c2d8385178d5a45f1f1e76e32471fae5f1de361b2beac9e9dc8d945478701462;2;10013252;Irving;US;Dallas PDC #15;Attention  Accounts Payable;PO Box 167728;Não Informado;TX;75016-7728
d8323249ca7e3f6a30acdca575fc22b295aa35fb7bf7bc60b81c000988d8688c;1;10027381;Tumwater;US;2649 R W Johnson Boulevard;Não Informado;Não Informado;Não Informado;WA;98512
9b570eb4f72006d3aa077bfae57f7a5df62c10f8d2e0dcfc973abd52a77dcd09;0;10000456;Edmonton;CA;8151 Wagner Road;Não Informado;Não Informado;Não Informado;AB;T6E 4N6
170cd0dc68aa6e02ee0cfd759dbd91506f860108664223afedba6f92e55fc090;4;10027583;Morton;US;Attention: Charlene Hoyer;500 North Morton Avenue;PO Box 474;Não Informado;IL;61550-0474
deb346e78b08de3a8f9ee74bd57d69bbdc3e6573358fd452153b3bc08337a07b;5;10021111;"";"";"";"";"";"";"";""
b4bb9f56b87e200b5f21e27901f752a3f0dd50043df3dba1e46e047b94c0d35f;5;10021270;"";"";"";"";"";"";"";""
212275417fc3c217e7548782d973df993c2d7328a625e2f77520e841a5e04f7b;5;10021380;"";"";"";"";"";"";"";""
342f762a4e41987b65a2fad19c78456ca54784008ffa549a948ed207a5ff6363;1;10008381;Puyallup;US;10023 128th St. E #7;Não Informado;Não Informado;Não Informado;WA;98373
a4dee506a8b870b28290cb98f1f5de1d7fced75ceeaa5ff1468e9051b3973faf;3;10023760;North Hampton;US;60 Lafayette Road;Não Informado;Não Informado;Não Informado;NH;3862
ba7038e96a10487f0e23582b5359b128f5c7093132c7bd2ecba525352988b877;2;10025558;Little Rock;US;6104 Young Road;Não Informado;Não Informado;Não Informado;AR;72209
a9724f02ebe7c679a27866abdc80c17e0cdbc44ee072127683f1865abd2acea1;5;10000488;"";"";"";"";"";"";"";""
8a8d64d32e49031b23e6fcd1b0dc8b96fc04409d15136713de981548d106b6e4;1;10014495;Clackamas;US;12900 SE Capps Road;Não Informado;Não Informado;Não Informado;OR;97015
34a15a79c53b843f09db22652702f96708bf3ff0bc1a4a705fad42c074fca3fd;1;10025049;Milwaukie;US;13270 SE Pheasant Court;Não Informado;Não Informado;Não Informado;OR;97222
61e2190bbb41763371693e87436e10a85b5097065eefedab7a86e0d8ddf92cf9;1;10009985;West Jordan;US;PO Drawer 40;Não Informado;Não Informado;Não Informado;UT;84084
30e5128b4b170625a091072239aa87dcc38984141394611c991d2ba97a48f7df;1;10006846;Modesto;US;1023 Kansas Avenue;Não Informado;Não Informado;Não Informado;CA;95351
761431a154fa44717ff3947dbb7b489a2264fc4bedef77e6811c3b10fb7cf93e;2;10021175;Johnson City;US;PO Box 5418;Não Informado;Não Informado;Não Informado;TN;37602-5418
0edce9fd826d6a0b7cf12e1e41d3c2c968a52a296d7f7e47bbd27446e70a46cf;1;10025025;Auburn;US;2402 West Valley Highway North;Não Informado;Não Informado;Não Informado;WA;98001
8ef34e23e3e9b29b74f8f7b40f808a2ddcd667ed98e97758ed221ec966f99b74;5;10006916;"";"";"";"";"";"";"";""
04471454a5080e78cfded371da6b9d19950c0013818f429c2fc6722cc2c37f99;2;10002489;Villa Rica;US;PO Box 266;Não Informado;Não Informado;Não Informado;GA;30180-0266
8fb7c3a38058fd783862c4191e095e33f81947897e5f03ea1b5b8ba7a316d468;4;10013472;Indianapolis;US;3343 Shelby Street;Não Informado;Não Informado;Não Informado;IN;46227
842bd9e8425743c8aa00709b20dfdaa267942659c14b918a3914681bf2e23e03;5;10005043;San Jose;UK;Paseo Colon Calles 34-36;Não Informado;Não Informado;Não Informado;Não Informado;Não Informado
fbd6734db88d6ab3f3eec89b058c71180c3dada3b7ba7c6377fb7a8dca1ed8e0;0;10025575;Beamsville;CA;PO Box 640;Não Informado;Não Informado;Não Informado;ON;L0R 1B0
b390e73d7843da0f21fa73babc51394f6ce4024b865c8139441349477994336d;5;10022166;"";"";"";"";"";"";"";""
42a1179569bf7162a126eff8324a365cd0b5fa398312f8b3869b02deaf969b40;4;10009356;Cape Girardeau;US;Global Motorsport Parts Inc;PO Box 1179;Não Informado;Não Informado;MO;63702
29da2491214ad861c02ade11f0a0e0cd788f99f3f769a1571e6750e4e8604aa6;2;10025250;Ooltewah;US;8503 Hilltop Drive;Não Informado;Não Informado;Não Informado;TN;37363
50db1dfc066bf1176b6494715b35ba31fe1fd1b2d60244d01d60b7b968876753;5;10017852;"";"";"";"";"";"";"";""
10c37e076c97fea20d4641033532b16ee36a5bf4ece35d0daf6b15e2cde17ea5;5;10018352;"";"";"";"";"";"";"";""
9cf300e91a615284d148fa966a24c2bd2daa8b5ed2dba031656eb0b742a4119f;5;10011600;"";"";"";"";"";"";"";""
f033ae28733de7c9263633ad01f5e6f71d4ae65efbbd44f897df5e0f1d8e8ec1;4;10007121;St Louis Park;US;5711 West 36th Street;Não Informado;Não Informado;Não Informado;MN;55416
ae0843af14a3c82451f0561708196775fb336ae8126f815df2273dbffba0c0a3;2;10010897;Whitehouse;US;PO Box 588;Não Informado;Não Informado;Não Informado;TN;37188
dc7367f3b6a1192e02c480d6f94721b360004ddd16123ac0ff22a582915f972f;1;10024743;Enumclaw;US;907 Cole Street;Não Informado;Não Informado;Não Informado;WA;98022
da754d199eee6e476da1017c63fea17975517a6895c86b31abcd1b2e1502974b;0;10019410;Edmonton;CA;6710 76 Avenue;Não Informado;Não Informado;Não Informado;AB;T6B 0A8
af9c7c9a0f7ef9905ae4be3a35fea2f0b85639a566ba5c765c99a41fe1c9aad0;0;10025032;Montreal;CA;c/o Rampar International Trade Corp.;6260 Place Northcrest Suite 305;Não Informado;Não Informado;QU;H3S 2T4
789b4fccc503e40f858baa9054381fc54701bc719f757980d1f2a671e779e91f;5;10011360;"";"";"";"";"";"";"";""
0d59d102911b750a2e2cc17bebb2127eb185140627934aa6229b4bb1b1672c18;5;10015011;SE-132 28 Saltsjo-Boo;AU;Svarvarvagen 14;Não Informado;Não Informado;Não Informado;Não Informado;Não Informado
d28f96b2cdd0c0b5ccc1824bdd14b5f21c91f319986d071f551b704937816253;5;10011345;"";"";"";"";"";"";"";""
38695c7d1e43c624a04fddfff40db3865512409dd05a47ec8cb55d94f85e9234;5;10023511;Schiphol-Rijk;IR;Bellsingel 2 1119NV;Não Informado;Não Informado;Não Informado;Não Informado;Não Informado
ab158de51f530ea172874fb15f05c19de3f2bb99e2d37a356b8592bc2bf575d5;4;10006093;Evansville;US;PO Box 5364;Não Informado;Não Informado;Não Informado;IN;47716-5364
eb16d9da8f16761ecd80478282f626e368491eeb4f057074f21c28b92cc14942;2;10023783;Pine Bluff;US;PO Box 7647;Não Informado;Não Informado;Não Informado;AR;71611-7647
252e9a4328da01784681986c0c4a64b5df00067b79c4304cb1e6d96cca73f977;5;10004255;Seoul;AU;3F Shinwoo Building;195-12 Poi-Dong Kangnam-KU;Não Informado;Não Informado;Não Informado;135-260
b71ddbdf6d5814d7650043cb0c0f79ba0cf3bfea087a8f0977045a933f02b67e;5;10013670;"";"";"";"";"";"";"";""
3f320cc46997a803e9dbe5e9cf831d55757388dbad7c0a481bf378128589f1f2;2;10004302;Baton Rouge;US;9555 Airline Highway;Não Informado;Não Informado;Não Informado;LA;70815
8a698ce8b0b3ec1c187d9147e566c3ac9ac6e887d7f9a9c4800ec2b578d0e614;5;10026023;"";"";"";"";"";"";"";""
b661f3155a61ff9fa8da6b04a33794c150a15b011bee2a6b45f9c695f7df3248;4;10024006;Columbiana;US;PO Box 57;Não Informado;Não Informado;Não Informado;OH;44408
dd3ca6dc883f0dac199594e88b94b9d703c3ed21d48be3b852ee817b94deacfd;3;10020962;Mercer;US;7320 West Market Street;Não Informado;Não Informado;Não Informado;PA;16137
96dddcaac3bb65a4f00935826a724e15f0941285125454dc0b461b81af090341;2;10022764;Ocala;US;2610 NW 10th Street;Não Informado;Não Informado;Não Informado;FL;34475
20ad5696a5e86de57ba3c3ea41cb877e713b6611a82ad5b67bc713a2e32f02e3;2;10023759;Birmingham;US;106 B David Green Road;Não Informado;Não Informado;Não Informado;AL;35244
cc6fb814b2223bfba4eccb4cce98581aa96e7ad08b152a5558714d2c205519e3;5;10010990;"";"";"";"";"";"";"";""
1dc71f0173d687b5bcd564da821b2e3151e4eb23cb0e414dd1cec2d8423c3c94;4;10007566;St Joseph;US;2106 South Riverside Road;Não Informado;Não Informado;Não Informado;MO;64507-9799
ac8075b6e5c08b2dd4ce5664f9c73a0a44a5e3707a125bf5775756f1fa62e374;2;10003795;Baton Rouge;US;PO Box 2484;Não Informado;Não Informado;Não Informado;LA;70815
5f3eb9423ab21e2d1732dde7242c695ea6faf997b9f38f7c8165f84367e77685;1;10021203;Costa Mesa;US;Los Angeles PDC #14;Attention   Accounts Payable;PO Box 5555;Não Informado;CA;92626-5555
69ce84f8b4b4be5295d5478577727d7ae570d51be8b523d54ad5fb0a5371dad2;5;10005919;"";"";"";"";"";"";"";""
f106abc37cd18c9d26035d5078d1812df38412188451da3df5c12a5ed9182417;5;10025392;"";"";"";"";"";"";"";""
8ee629c3653a321bbc3aff143a174ea38835d971b77ed9696e4e9a1953df0a07;5;10012369;"";"";"";"";"";"";"";""
c06ac7819cb782afbcbb1db31096605b31c6f865016719e032a778b9111cd38e;2;10020684;Montgomery;US;5415 Lamco Drive;Não Informado;Não Informado;Não Informado;AL;36117
c6f4d6a10e2f3f017511ce9590840d6a01c9c8e75ecdcefc16771384a0fd2e71;5;10005688;"";"";"";"";"";"";"";""
fb02bc1d435cde58051d591208d1caf853c851fa087ef22ecf56306967aa8f09;5;10011018;"";"";"";"";"";"";"";""
4171d230a04fddea09e70ebab4829466fffc90fe63769796a17a67a65a8864f5;1;10025037;San Marcos;US;725 North Twin Oaks Valley Road;Não Informado;Não Informado;Não Informado;CA;92069
2b1446de284fdef4120bd8f75f903318d38cb8fa880d91f5cc27d4a69b4d2db6;5;10002144;"";"";"";"";"";"";"";""
0365ed5380348e29439dd60a0b446ef95d8d0c13266a889ccf2b8924aa5c9e41;5;10005099;"";"";"";"";"";"";"";""
eefe52253f0db2a51d918e89fbbc9bdff22506349fe2071265a36aaf1dd98d0b;5;10020849;"";"";"";"";"";"";"";""
a16a1c187e32a553558a4837675a6078e995324da31b1d3f179af9119c5e91a2;5;10020868;"";"";"";"";"";"";"";""
c97fae7f8c3a8f1536f0a909d11e2595193760e20ada38bdefa1b9c9d7029e8a;5;10012128;"";"";"";"";"";"";"";""
ed14b812288f2f765c68ae5e1cad2cd8ec0506a16c9b1a77ee2934fc13009636;1;10025289;Fresno;US;3631 South Bagley Avenue;Não Informado;Não Informado;Não Informado;CA;93725
c1ff3dacf27bf1ac665210321e841dc2f3a43742404da5e8511fd8fe89b0f89e;5;10025024;"";"";"";"";"";"";"";""
4badc02a0a904bb97aa6ac5f810c424790412a8f46934b16f156ca1b9fa8bb20;5;10001786;"";"";"";"";"";"";"";""
a567ef0a95a587ea83c3d40da3df1c555b77d72f4b2bb6852b71064fce9351d4;5;10024915;"";"";"";"";"";"";"";""
d8e180dbfbe5cbab75e2b5a59fb6d655e20a6befc1d0f1e5479132a40f9f10ed;5;10010832;"";"";"";"";"";"";"";""
55ea5eafd4961e157d984df2fd968e49072a8513b05ec5466ffaabed6ebdd547;4;10026291;Poplar Bluff;US;1880 N Westwood;Não Informado;Não Informado;Não Informado;MO;63901
bc63278dd588d585dc819e987cbde2d231fa61a26ef71deedf08f441ac8454c6;5;10024930;"";"";"";"";"";"";"";""
8d194092530e7a2be36dc62c15c288d3e716368938e0ddb47bad6278578e4d18;4;10021231;Middlebury;US;PO Box 460;Não Informado;Não Informado;Não Informado;IN;46540
d9c84134e9fcec367a14d7e4cd99228bcc432d1a0ad739994bd8706cc617081a;4;10021223;Wayne;US;Michigan Truck Plant;38303 Michigan Avenue;Não Informado;Não Informado;MI;48184
b29881159ea822d6b29d24709839da80a5a054651e9528dd2431a1ad371729a2;1;10002506;Salt Lake City;US;Attention: Doris Nielson;PO Box 26005;Não Informado;Não Informado;UT;84126
c64261911cc66fb8cc1e61919ac7be08d069b81d519e408dc3e5423d4f7d375a;4;10025269;Overland Park;US;Attention  Accounts Payable Department;PO Box 12990;Não Informado;Não Informado;KS;66282-2990
f1d61bc608f76d1fc6248f9dafaa705e3c6615f0ab767df2b988982d23bb5513;5;10010855;"";"";"";"";"";"";"";""
672684480eb39f097d85a3a373721ffe2352e2b363a4ccbeb4a6cf559a6abf53;2;10012422;Saginaw;US;PO Box 510;Não Informado;Não Informado;Não Informado;AL;35137
484ce25b0c27b2eb528b3e3f3c3f5dbb2c7ca10a7209080c1d3b50798e2df0e4;4;10023785;Columbus;US;Defense Const. Supply Center;PO Box 16791;Não Informado;Não Informado;OH;43216
7e20f6f171d930fcf348fb0eb9f160abe7bd7e23232bf6697208a634bd9c81c5;2;10002244;Statesville;US;Spicer Clark - Hurth Off Highway Div;1293 Glenway Drive;Não Informado;Não Informado;NC;28625
a21305d6bf6d194d3804a21e2a7892bd1c68c886928774f8625909b4bf50e698;4;10020446;Pontiac;US;Worldwide Purchasing;1999 Center Point Parkway;Mail Code 483-550-200;Não Informado;MI;48341
68b1f127017c4a7b0e24d017d255a0e340a7bae5c3a8a5b66d2f51c6234f3043;5;10021804;"";"";"";"";"";"";"";""
7b3dfc3a1a1f4d3cf0ed91df56217d71fc9efe40b03f5fed4edc04a83eeea60f;5;10013061;"";"";"";"";"";"";"";""
e233da3366b74e0c9e48377474a935f2966d8e461fb099f5f4eb77d4c8fc019e;2;10023538;Fort Worth;US;Attention: Accounts Payable;4900 Alliance Gateway Freeway;Não Informado;Não Informado;TX;76177
78bf81b436fce7cda1d89dcb31eb46a56acae4d06106577eed8869abe7758852;3;10027340;Salem;US;63 Bridge Street;Não Informado;Não Informado;Não Informado;MA;1970
74abae24e9ad4d5262dbf9b75aa7095a849201478688500b9f2880f74f8a61af;1;10021222;Buffdale;US;14296 South Pony Express Road;Não Informado;Não Informado;Não Informado;UT;84065
88d990113308ab68f3def32f6af675c69c326c45e3a733a44599c68ff3206070;4;10025251;Wooster;US;A Scott Fetzer Company;3201 West Old Lincoln Way;Não Informado;Não Informado;OH;44691
5b1086c2b7120c675eb08784316c511363e069434b59ded5e4286dee1a0e6d32;5;10007134;"";"";"";"";"";"";"";""
9685b209512acb9fe0387e7ff4e75ec0a791a9d7d01f54e6600f019ba195f423;5;10014540;1980 Santiago;UK;Avda Bdo O'Higgins;Não Informado;Não Informado;Não Informado;Não Informado;Não Informado
94391c2c92938374b3775e0ce275b0bbb9440f7ca9c8f7627ca9281fe80365a2;2;10017314;El Paso;US;8901 Montana Avenue;Não Informado;Não Informado;Não Informado;TX;79925
745414d74a7eb003919d391a9cb5261bff83c7d3bf9005ddd74231875c0c4cc5;3;10014779;Fairview;US;PO Box 206;Não Informado;Não Informado;Não Informado;NJ;7022
aece6f41620db32935b5d520a684393753d07a26d12e4889e68977a4f10f58f8;5;10020181;D 95326 Kulmbach;UK;Am Schwimmbad 8;Postfach 2008;Não Informado;Não Informado;Não Informado;Não Informado
3a7f6610f54e50d51bd45a288e14a532e1caa55bfce1602542c3edca063c080c;1;10009672;Phoenix;US;Attention: Accounts Payable;PO Box 21502;Não Informado;Não Informado;AZ;85036
cb43aa331a1dc388559efeae776e8d9c8c82b5e5fb0cfa47c92531caa4940676;5;10022962;"";"";"";"";"";"";"";""
28e090b5a3908c4753fc20f2aa83a6edf11a466c0ae732b06767201a760bc19d;4;10017054;Newport;US;7640 North Telegraph;Não Informado;Não Informado;Não Informado;MI;O
c448dfca200e476c5e50969a65517095f6c16d97277cda9c042d7cefadef0a50;2;10006037;Miami;US;7225 NW 25th Street;Não Informado;Não Informado;Não Informado;FL;33122
ccdd19fc1c448da03be3515f6e4060d104f5209be2b174fbbaf67fe077f107e4;5;10003554;"";"";"";"";"";"";"";""
29886485cf86f91c1b4e89c4793e74eeb0abfe85f58312cb749d3a9dba574562;5;10019514;"";"";"";"";"";"";"";""
9cdd11b3a1ad71a50235fc6ffdf9225751265996f2cb50e45c2547f883ddf590;4;10021668;Independence;US;13208 East 40 Highway;Não Informado;Não Informado;Não Informado;MO;64055
a5ab3edbc4aafde79c9d42946ee177c1924ff0a1f8d7399c24f3067dda29b43b;2;10025285;Chattanooga;US;2401 East 31st Street;PO Box 72638;Não Informado;Não Informado;TN;37407
a832b62a341c58cc8c8c8e35ed2cb19f46668b93bc8f1407d6fd5f638a467b01;5;10019194;"";"";"";"";"";"";"";""
e28ae2888e5f8db9e02f70ac4082b2397a9064929a95986a9a101a2f9f649296;5;10013572;"";"";"";"";"";"";"";""
1bc65ce53d27feebf9188c013fef59467fdd5d82e02ecaf42b5840a3eb1d0e61;5;10010882;"";"";"";"";"";"";"";""
cc7f4ff3acf2730219df634e063bcb7f99ba06f60780db0de026bc0a835a31d9;3;10022431;Vinton;US;845 Third Street;Não Informado;Não Informado;Não Informado;VA;24179
b2214b235ec015cde90e435b3889c8cb0cd659b4af11cffaf9ab2f8ad5aaad36;2;10025560;Cramerton;US;125 Hampton Ct.;Não Informado;Não Informado;Não Informado;NC;28032
49900b104972867e9b1604f5c1e3d827b652f5730a41e60848fec07930f7fcc0;5;10004516;Lighthorne Warwick;UK;Vehicle Operations;Building 540 53G/23/1;Banbury Road;Não Informado;Não Informado;CV35 ORG
dbaf84d8c64c6c376898f7971a9479ffb4d88e68af4b588832ff7a3aecb77156;5;10027370;Madrid;UK;General Pardinas 112 Bis;Não Informado;Não Informado;Não Informado;Não Informado;28006
3edb7239631f68731ea4e78cd05837dd7f548696452ffd5e0d914c375f6dea4c;0;10025237;Oakville;CA;Central Accounting Service;PO Box 2900;Não Informado;Não Informado;ON;L6J 5E6
a47377e34a44ebf5d8d06ef8ff0b23ec07e16ca9dde3640910fe08aed627f381;5;10020364;"";"";"";"";"";"";"";""
6dedf021b06a008dd3985c788cab35f8460ea665500a00bffd6b217f16e60c1a;3;10007577;Stewartsville;US;2621 State Route 57;Não Informado;Não Informado;Não Informado;NJ;8886
18e1d3cb59d0212f375669054e8091ccdf3f24c5c7fbf8f41405e90445e94197;5;10019066;"";"";"";"";"";"";"";""
4bbde5c0bb14e45cfdd201634254b1daf55d40742867bf8d21b2877edec1ef50;2;10023241;North Little Rock;US;7700 Counts Massie Road;Não Informado;Não Informado;Não Informado;AR;72113
66e1950e9850be7265cf81c95808b3ab446cf113de4fe96d0f4563247ed94e47;1;10020393;Fort Collins;US;2649 East Mulberry Street;Não Informado;Não Informado;Não Informado;CO;80524
3ddf17ff0c227fc92717bc9dd1c0814f633475cb5db48efe7022f678e59a2347;4;10019400;Valparaiso;US;861 West US Highway 30;Não Informado;Não Informado;Não Informado;IN;46385
5979250b233b049e99bf6d785a0c703d899691362532bbb1cf6895cfe20807be;5;10025241;Hamamatsu City;AU;RU-3 Hamamatsu Nishi;PO Box 1;Não Informado;Não Informado;Não Informado;432-8611
bb459a7747f26dd0ef121a1330b00b9d077934637116e57c1f85e056a50959f8;2;10007122;Buda;US;22015 South I-35;Não Informado;Não Informado;Não Informado;TX;78610
c00ba137c4ba6ef8616b1fc1b0e2316935552067e44748b4af973af7723fd806;1;10023513;Stockton;US;640 N Eldorado Street;Não Informado;Não Informado;Não Informado;CA;95205
f8ddd4500ab061d2aae78108b5dfedede90b6962d8123c010d707db6026bad83;0;10026006;Calgary;CA;308 53 Avenue SE;Não Informado;Não Informado;Não Informado;AB;T2H 0N3
a245e67a1f5bfbc18034523c18e2accd6e460ba6b794f3db2c709b7bdac7de75;5;10025418;"";"";"";"";"";"";"";""
c40bd78adfae224059a9ca7f68bc029bc2a3f439e9860f86b2f3972c6b9358ca;1;10026861;Salt Lake City;US;2280 South State Street;Não Informado;Não Informado;Não Informado;UT;84115
98168cb0b42d7e49616a6a81f98e831ed1c826a8df27c76e9449e33863c5964e;0;10021204;Toronto;CA;480 Gordon Baker Road;Não Informado;Não Informado;Não Informado;ON;M2H 3B4
b9ffb642abcedcd28bab351c370736f5a94da49a9a9e836b727f8bc1bc6e8f3a;5;10013870;"";"";"";"";"";"";"";""
ae022d1f6f073bd3e5ad91d9d120c911cd20d0cb61788f82ec79761e81c25612;1;10024003;Benicia;US;Attention:  Accounts Payable;5500 East Second Street 2nd Floor;Não Informado;Não Informado;CA;94510-1020
4051eed86b36b621514b11f7018e790f660ebda7fb02d6cf45e8e2bc749ee8e9;4;10019909;Shawano;US;500 Airport Drive;Não Informado;Não Informado;Não Informado;WI;54166
6d2c51b8a3d007debe71b20a1de1487b91ab18bddff3cd35206df00e0980110c;1;10000466;North Highlands;US;3213 Orange Grove Avenue;Não Informado;Não Informado;Não Informado;CA;95660
6dee90457ee750eac7231ca11acd4c60e0446c8f0f78f987bb31e30142931f3d;4;10019682;Lennox;US;PO Box 409;Não Informado;Não Informado;Não Informado;SD;57039
539c50dcb9821a042be61b6017c5cb781a9105b5cd6fa3ad2ee2e4354d176a5d;5;10020982;"";"";"";"";"";"";"";""
2142d03edd2c84dbb64ce98aac82f4a5f2e86ed5e7bac7bffbaa800881ef6838;5;10000496;"";"";"";"";"";"";"";""
8ece4a8f88bfedcdc078b60fc6be3f8f938340db6d8fb1f85e7018ed2fe30714;5;10019420;Ruwi;IR;PO Box 880 PC-112;Não Informado;Não Informado;Não Informado;Não Informado;Não Informado
19daa913197dcf88709a749b6afc4be46dfa70950556374f3ea2b6eee79486d9;4;10022490;Overland Park;US;Attention  Accounts Payable Department;PO Box 12990;Não Informado;Não Informado;KS;66282-2990
f1e1e75241a10d155432c107e68c4851469449910ad6f7f5bbdce355e695b63d;3;10018665;Wester Chester;US;1028 Saunders Lane;Não Informado;Não Informado;Não Informado;PA;19380
342e69a975a39d996de71f3d2e9a5f688f8cf1c33c774c390dd9ec854ead2c33;5;10002140;"";"";"";"";"";"";"";""
839f4fdc7aea85f2c187df00748707acd6468e2911dcac1e7c452cf29088cc36;2;10022725;Norcross;US;1723 Webb Drive;Não Informado;Não Informado;Não Informado;GA;30093
568a85ef508b4bb553176d6bf71667b89dd5accd9b15c7c6f721af1fea32ada2;5;10020492;"";"";"";"";"";"";"";""
8a1a6d3e99bbc6c4b2e083f0202261b084c3fc51fd035a64f593bebb28d59e75;2;10000478;Little Rock;US;8120 E Doyle Springs Road;Não Informado;Não Informado;Não Informado;AR;72209
82eecd8b76a7c4f9b08ae6df86574523f53b9b0654acf68193641c75311aa906;5;10007866;Sao Paulo;UK;Rua Sepetiba 464;Não Informado;Não Informado;Não Informado;Não Informado;5052
d1e87039e03a426147df8276c41d6b16323d777af67ec3b2f76b2fc642ab4f8d;5;10002149;"";"";"";"";"";"";"";""
feb6637b97e770efd7383beb86d967bb1817c9d4c575bfac481ea312859e0c69;5;10000499;"";"";"";"";"";"";"";""
49e9a49dec24f0e1a6d1efdd1d53d357a0d5ec396e199e64b8d795becc977f19;4;10017072;Chicago;US;4200 S Morgan Street;Não Informado;Não Informado;Não Informado;IL;60609
3c320315274f5bc3568bf20711416286644dbc82eacb3595403f274d4ac3de0b;2;10011734;Atlanta;US;PO Box 19858 Station N;Não Informado;Não Informado;Não Informado;GA;30325-0858
4e932d553eff566a52fedde520c2ce36c48b59685dcde8b5ba4b1b1d589bea0a;4;10022730;Warren;US;21533 Mound Road;Não Informado;Não Informado;Não Informado;MI;48091-2991
97980c99d3734f8d40cf587f045b526b705195ac1794c65c23d416b5438f575f;2;10009654;Brownsville;US;904 Billy Mitchell Boulevard;Não Informado;Não Informado;Não Informado;TX;78521
117e9b4b56d1191fc3637476965a3922904ed4d82f54a823f6ae74437de2d1de;4;10010717;Waterville;US;208 W Main;Não Informado;Não Informado;Não Informado;KS;66548
08158cd08dad74c492db957c6b9dc956afd9b23329245c29bfb30fa55fa09692;2;10027348;Tampa;US;6501 Adamo Drive;Não Informado;Não Informado;Não Informado;FL;33619
5558350568d5a28b11635a79e9d78b9a552084ee61dde2943136ac21d7725286;5;10020672;N-0598 Oslo;IR;Brobekkveien 105;Não Informado;Não Informado;Não Informado;Não Informado;Não Informado
f4ec6d7d9315c4c68eb3870552791fb74f0cc823d7e0116eb8aea837da03cb68;5;10013039;"";"";"";"";"";"";"";""
1e1d70d6f21ddbc52095d6aa1283c9c8bd2dc79faf3b039b5c27f993027655b2;2;10022249;Shelby;US;201 Old Boiling Springs Road;Não Informado;Não Informado;Não Informado;NC;28152
d307bc789b25ccfd3725874d4750128d36ed7fdf59d3bdad8790a0a71b53226f;2;10014739;Tulsa;US;Division of Parkhurst;15051 E Admiral Place;Não Informado;Não Informado;OK;74116
e5fc95eb24af5971077848632d6f21f49d50b6142e5506e45b2337cf58205505;0;10021158;Surrey;CA;#9 - 19257 Enterprise Way;Não Informado;Não Informado;Não Informado;BC;V35-6J8
ba6bafe1b87451661f2090ab33f74b2e6b074c85d260ece855acaf0df094fa49;1;10018885;Pocatello;US;128 So. 2nd Avenue;Não Informado;Não Informado;Não Informado;ID;83201
325291f4440f13383726bdb092ea5c30ed55c6a5a35f3235fac88bf305bd5607;2;10025814;Houston;US;5300 Glenmont Drive;Não Informado;Não Informado;Não Informado;TX;77081
ded7190798c624f89a5e8e1a6882af90c3b022135fa6d2445f509d0642234a45;4;10027050;Milwaukie;US;3204 W Mill Road;Não Informado;Não Informado;Não Informado;WI;53209
cf40fe57f8c1099ff88a0464c7f1adacb73ec6641ec788fc31af5e175a2b64ab;5;10024924;"";"";"";"";"";"";"";""
ab7f634723cc95e3f399e8d3aed5a9c2ec3ecaa4f96484ba6f73bead54a27d90;5;10021750;"";"";"";"";"";"";"";""
86023cad4a877d56c9435896448ff0ba2ba4d59e44c2c5f47ca5e86774144ac2;4;10023003;Coldwater;US;400 Jay Street;Não Informado;Não Informado;Não Informado;MI;49036
fa4ceed07b47f31878f8e8725127f66692c083f3acce4f73f076b11d0aa82238;1;10025778;Pomona;US;1143 W 2nd Street;Não Informado;Não Informado;Não Informado;CA;91766
c70b26e182d85478af47ff44086584cac86705da61344bc2759b6b1aa5f0a7c8;2;10016047;Nashville;US;975 Main Street;Não Informado;Não Informado;Não Informado;TN;37206
266898572e6ac805e3594ca0fe66bda8e704f48db1b88e27f6cc945927c1151a;4;10016784;Pocahontas;US;PO Box 129;Não Informado;Não Informado;Não Informado;IA;50574
b0f5f5f02a14f137ef6e44303e82d5fb0e6ebe8d97296579c76c8f5fc35876c3;5;10002142;"";"";"";"";"";"";"";""
94bb3927f816a9135d02ed8d06146023d9acfc3501ea814f6fc84ca0d481014b;5;10021242;"";"";"";"";"";"";"";""
7bc7b08140a66c685ecd3a3e9c566eba3b1d5f2a9e75cbdd4f51a0bc93666a88;1;10025919;Compton;US;801 West Artesia Boulevard;Não Informado;Não Informado;Não Informado;CA;90220
ed66a21d804fe0458fc66099a7fad9aea1ca203e66bc8ec642e3de2f79bd80c4;4;10024550;Appleton;US;PO Box 2017;Não Informado;Não Informado;Não Informado;WI;54913
25acfc7ab72f73bb9106ed46ebe9f75fa6a272798ed2e14cb6bbb7aed8752391;4;10013509;Joliet;US;207 North Scott;Não Informado;Não Informado;Não Informado;IL;60435
1469a2c9e130c63cc38f34b7a89a494c3198dda8880568ca4d0cabc7f2ab26f0;4;10016564;Traverse City;US;PO Box 2338;Não Informado;Não Informado;Não Informado;MI;49685
24e290082d099bcb729aa8e6c749864c07f3da074398d79e2c303b64ffbcb7c0;0;10024034;Edmonton;CA;16215 118th Avenue;Não Informado;Não Informado;Não Informado;AB;T5V 1C7
9fb024493c69f356518156d2c75539d1c83a91497d038db3a5390dbd3fc8a964;5;10012927;"";"";"";"";"";"";"";""
6956d6dc11a187ba13afc995916787a1e31d122d9a06ffb322b1d99579f26f9e;2;10023235;Houston;US;7600 South Santa Fe;Não Informado;Não Informado;Não Informado;TX;77061
c36772add28f0391a4fa87606622e069ed9e6f63f9b539ddfd2a344ec4abb7e6;3;10019880;Somerset;US;New York PDC #20;Attention  Accounts Payable;PO Box 6750;Não Informado;NJ;08873-6750
c8e4d73b65cebc4d4b233fe6846a89da7c5b39be3a8c1f7cfc31c9a39994d015;4;10002746;Bensonville;US;1200 North Ellis Street;Não Informado;Não Informado;Não Informado;IL;60106-1119
2779d0ed0cfa5b357f7ad7218e1d8e6ed724dc47cc92c622ced7e6a603493512;2;10024009;Tulsa;US;PO Box 582510;Não Informado;Não Informado;Não Informado;OK;74158-2510
85739693450c379b1464a07907cdf8397adc0a42a4bded3987d74d28df660172;5;10012157;"";"";"";"";"";"";"";""
a451e8021b0bc58d5f94fa2e453965424aeca6822f3ec6e6246712908b674b4a;5;10013426;"";"";"";"";"";"";"";""
647224064135072a1cb317f4872891ce4fb6bc5135d6ded57ae012d38174de08;5;10021286;"";"";"";"";"";"";"";""
d637b9e11f6e15e11c1cd41dc3236b7d1fb76e828388e2f93eff2f44af859115;2;10026581;Savannah;US;PO Box 22249;Não Informado;Não Informado;Não Informado;GA;31403
d61129b75523904e5e9446389d94da7bf40776840cb92c8ff0c2699e9875d8f2;5;10018518;"";"";"";"";"";"";"";""
8504f30470c84e7fe92e83d5f22e6276263b990a0569ebd8ac4f37fc70f17a6c;5;10002154;"";"";"";"";"";"";"";""
6254b5fb53e11df3251afb8c39d61e76567aaf4d6ba8b81bf3a82ee566854bfe;5;10005861;"";"";"";"";"";"";"";""
1e8ed4a7ff0f44e5327d05095011406fd248f6b87be669449a03809d0f33f6f2;5;10021300;"";"";"";"";"";"";"";""
920fa3b40da9a89a3b59fdb3807e9f4858357d7e70774c8143217918abe71c34;1;10016858;Beaverton;US;6590 SW Fallbrook Place;(Commercial Industrial);Não Informado;Não Informado;OR;97008
226dc91ea75308b011463702f4a471aee8cc63133c75bfc1d4af57d364330d3d;1;10000472;Van Nuys;US;8000 Haskell Avenue;Não Informado;Não Informado;Não Informado;CA;91406
39648e214e4c82c1859d23ca36748905814cc6cd3a331b9329b6600eea87056f;4;10012425;Oslo;US;RR1 Box 9;Não Informado;Não Informado;Não Informado;MN;56744
6c9168d251eaf0f94ad95c60192a0eb18cf82cf41c810716da7df9f7a199d708;0;10010887;Edmonton;CA;9605 56th Avenue;Não Informado;Não Informado;Não Informado;AB;T6E 0B2
d78f0d78765753a135536b20afdf5d81f9984009b7e3d65a22d23cd72eee9b62;5;10020907;Não Informado;UK;Não Informado;Não Informado;Não Informado;Não Informado;Não Informado;Não Informado
c8f3aa7a7c198733f8ba160be9f13b2e45c6c2629205d8ba1846adedbbd9aded;5;10002501;Não Informado;UK;Não Informado;Não Informado;Não Informado;Não Informado;Não Informado;Não Informado
46dfc40da4db5c4138315be4f7e61e409e8e58f4025458571a52fa09fa5ddace;5;10020193;Não Informado;UK;Não Informado;Não Informado;Não Informado;Não Informado;Não Informado;Não Informado
223b24a0ada1596d071344bfc331e3d43013bdcac62db16a429f4953bdcc7e98;4;10022168;Cass City;US;PO Box 113;Não Informado;Não Informado;Não Informado;MI;48726
69e86ef410d0e9554c887c022d37e91568827bbcc6788ffb8bcde109cf85f6bd;2;10025249;Memphis;US;7221 Highway 64;Não Informado;Não Informado;Não Informado;TN;38133
af592611373fe178c7c8ba8da0e7cc9dcac5d5bbb190c25552322fc9fd584f87;1;10010886;Libby;US;522 Montana Avenue;Não Informado;Não Informado;Não Informado;MT;59923
0c2bcd708cd8413d57b44dfaa66b58d5cbfe38658f8d802f9c4c814fba9b7796;4;10013765;St Louis;US;5821 Hampton Avenue;Não Informado;Não Informado;Não Informado;MO;63109
059efcd77c7f5a880234fdab8e018e39bc231252c1c7267a546d6824d33d673f;4;10027356;Grand Rapids;US;910 North East 4th Street;Não Informado;Não Informado;Não Informado;MN;55744
938d6f7cab83fd21fe65c1142ec3e749094eaf31a0eb382d054b7fdab7f4277b;5;10020247;"";"";"";"";"";"";"";""
5fa55cbcd080dfe1248ab36bdda0bd4950cad0ef9b2eac5ee39583f87aa12a4f;5;10011842;"";"";"";"";"";"";"";""
023077eefeac25049fa7b03f768a481baf0aeef3775c81bdef151dc2d7b5991c;4;10022423;Cincinnati;US;12110 Best Place;Não Informado;Não Informado;Não Informado;OH;45241
60f3ed0fb758e1abce09f3849d460eb8251b4fa1669663ab9d809625720011a0;4;10025021;Depere;US;1151 W Main;Não Informado;Não Informado;Não Informado;WI;54115
2f83054122521a9d5953ac07aff3c34ad003957e952039543ce94e43a833744b;2;10020639;Tulsa;US;PO Box 3445;Não Informado;Não Informado;Não Informado;OK;74101-3445
cbc142501dba44e67b34e592dc58cdcfd02384a4f45ddd24468cc5f848465849;5;10027119;Não Informado;UK;Não Informado;Não Informado;Não Informado;Não Informado;Não Informado;Não Informado
7ea11671d4f1af04279d6cc71ae0ea6997e84bb95cfdef2dd176097f07815eab;5;10012885;"";"";"";"";"";"";"";""
15af08695231b778ff9907d04537841b3b2c2706a4ca9c5300f2d4ce4e411310;4;10026560;Dearborn;US;Central Accounting Service;PO Box 6005;Não Informado;Não Informado;MI;48121
bac357d741fff26101f399d52b7ffad5d5cd6cbce25f2ef761eed625fc3b7c47;1;10022434;Placentia;US;PO Box 958;Não Informado;Não Informado;Não Informado;CA;92670
492259a34ecf5532634a75f95c6f641b70823e946e236a096ad014858effafa5;3;10020388;Glen Burnie;US;7216 Ritchie Highway;Não Informado;Não Informado;Não Informado;MD;21061
0ded4316829b319d5dbeb68d3b2ce63958ca81d0c8ac519d542ae3e5a8f49c9d;Region Code;Address Number;City;Country;Customer Address 1;Customer Address 2;Customer Address 3;Customer Address 4;State;Zip Code
eee4d287a399bdc628d24bc88ec9fe6cc68190b0169ca4b0c4de41587962d8bb;2;10013188;Charlotte;US;PO Box 36409;Não Informado;Não Informado;Não Informado;NC;28236
003e5e8c8379f1be4092a54f899af35a2b7b7a5abcca92241ef62e6c8aeff2ca;2;10010912;Fort Smith;US;PO Box 849;Não Informado;Não Informado;Não Informado;AR;72902-0849
f119393899c5fd16d501bf485e22f4df80b2a7b110ce0bd6d383efb122acdeee;3;10002969;Manassas;US;12000 Balls Ford Road;Não Informado;Não Informado;Não Informado;VA;20109
b92be423afd5ef7c2ca41ab4238488de4c4f958c8910c0b6eebbe939404737ce;5;10022201;Carcas;UK;Av Blandin Chacao;Não Informado;Não Informado;Não Informado;Não Informado;Não Informado
44d5f418125efbc084f589ed03f9403dbfdc744e1508a9e4f1e192612ca665d1;4;10017585;Milwaukie;US;11811 West Silver Spring Drive;Não Informado;Não Informado;Não Informado;WI;53225
e6129d92d259625dedc1bd30c97c094dd9f75f9effd42aa210cdd226ebd6cc1e;1;10025264;Tuscon;US;3545 South Richey Boulevard;Não Informado;Não Informado;Não Informado;AZ;85713
681fc0b90dde34667f11ced09072f4a592dbbfc2ce4a9e0c80249d8fbdd765d5;4;10022750;Watervliet;US;8300 Lane Drive;Não Informado;Não Informado;Não Informado;MI;49098
5473d4c04bef52522c7e375baf68ab2500d5ac1042383a466ab5ea0abb7b8f33;3;10011997;Roanoke;US;2177 Dale Avenue SE;Não Informado;Não Informado;Não Informado;VA;24013
dc9fdfc8d74e6e991291d4f63c6b1e9c336c189f742068e17490d17b5acb1514;2;10021145;Brookhaven;US;1127 South First Street NE;Não Informado;Não Informado;Não Informado;MS;39601
0cdf89c5c0e244d4966126496eee19de38004517763ffc62c58ba2287c1bd438;2;10023509;Tampa;US;513 West Waters Avenue;Não Informado;Não Informado;Não Informado;FL;33604
85a9ead734a140e49a2923790eb055c9e2b88d3c0d6445514859fa7412a6ebdc;4;10025552;Southfield;US;Order Processing Group;25140 Lahser Road Suite 282;Não Informado;Não Informado;MI;48034
03da66fb0e50251dd481f8ccf414dd5dab0827cd4f43ec09d17a170c4b6d0ddf;4;10021139;Livonia;US;PO Box 3382;Attention  Accounts Payable;Não Informado;Não Informado;MI;48151
28915977baf55dafc5260c6c147b28143a92a55f649c70c6602975a3085138d0;3;10022678;Richmond;US;PO Box 24217;Não Informado;Não Informado;Não Informado;VA;23224
46ba595aeab8c4828655d1617216155953d6ae47d8a351dfed6a2f9fec66a31a;5;10021239;"";"";"";"";"";"";"";""
cab0be5e625fdecc9a0d27891a71ecfa7e9716b3c4c95cebb25510259988e6e7;5;10018363;Panama Rep De Panama;IR;EDIF N 4141;Apdo Postal 642 Zona 9-A;Não Informado;Não Informado;Não Informado;Não Informado
726396cf2889c2578aafb09f9d3b8e3e8b427d0b152e96333bad517e7392273a;5;10021494;"";"";"";"";"";"";"";""
3f947d492a61c45a80be7aee67fb00b77a24fb31f99a5c6f46ad1dc58df7125a;1;10023212;Medford;US;c/o Tom's Bronco Parts;2294 Sage Road;Não Informado;Não Informado;OR;97501
319490d9ef65f35c8934f8c19d0305e2eafeba914e3cb0fce60e5fbd0abf7572;1;10025284;Hayward;US;19745 Meekland Avenue;Não Informado;Não Informado;Não Informado;CA;94541
16b1143be70837d7a9e356fdc056600bdf6dc1c0d61e2da5c3d6aab5fae729b3;5;10025063;Não Informado;UK;Private Mail Bag 53;St Peters NSW 2044;Não Informado;Não Informado;Não Informado;Não Informado
d7378ea696cca0007140ce410b20dfcd35ff40884d936de70ef299dfca18fa8a;5;10021297;"";"";"";"";"";"";"";""
88bd48821e76402c4e7eaa4bf0072b322efb7af98a77a211e13f096bb6116ab7;5;10019952;"";"";"";"";"";"";"";""
0719b11e84a1ed0ca18573c8ef2a8879337a2c763686b442a39178ee9f78ad36;4;10027053;Raleigh;US;PO Box 68;Não Informado;Não Informado;Não Informado;IL;62977-0068
b44151dd4f23ef29f5f5d1e01a1004af6a6c41469c1acf2cd285e79a9e898efb;5;10025158;"";"";"";"";"";"";"";""
5e4e0ccbf75213c74c58aeb250b6e95e4efefe2e7a534241950359327c778275;5;10012851;"";"";"";"";"";"";"";""
19a151f2826f6729662d2d2051b26df81e2182d6da5b2b3e93a11ca20a36226c;1;10008893;Yakama;US;508 South First Street;Não Informado;Não Informado;Não Informado;WA;98901
3f8b5fe1638c6265ed7a916c53de069bdf8329abd96db8a1e80b71d93875d8a0;5;10020266;"";"";"";"";"";"";"";""
9930d98ea6ea39c0ad47123524543478fb199e512058f31f385f145563894f15;5;10002153;"";"";"";"";"";"";"";""
8f33b49edc63e397929c62c8b7f80c8b17781e8f11ba0a7bf8e1813451025eb8;5;10012600;"";"";"";"";"";"";"";""
9597e3db3bd2e374b6b3d9a3c8bff8639dfccc2a6da903b617b8dafc0f887ae3;5;10006917;"";"";"";"";"";"";"";""
2a1a567205594a30eead34048e1ec6042ce10a58082d92fc1d9dbc48d89f22e5;4;10012226;Troy;US;Worldwide Purchasing;1996 Technology Drive;Mail Code 483-619-114;Não Informado;MI;48083
448ce2b2f3feb8cafe50fcc4fe195da2bb4980ab754d88da9e84412a42378d32;5;10000486;"";"";"";"";"";"";"";""
a12556852358a94d5fe2700e59b23ae11aecca811b4fa0cd8c65f8238c156ee1;5;10009650;La Paz;UK;Plaza Venezuela 1413-1425;Não Informado;Não Informado;Não Informado;Não Informado;Não Informado
a25b7ccf94e7a375fdcd08c03f4d9e70a79d11844d9412981c467214dc26bafa;5;10018129;ZI 1 Ducos;IR;Rue Champion;Não Informado;Não Informado;Não Informado;Não Informado;Não Informado
2b292f2666b781ca325c9c2fa5f55d0782e1aa7656a93afda548602b99381203;4;10026532;Garner;US;500 Highway 18 West;Não Informado;Não Informado;Não Informado;IA;50438
e8b1e2ddfae669d7862da561151a4ef086863f0e06a3aebd9d541aabe8dac736;5;10021006;"";"";"";"";"";"";"";""
244a7101a9d2cbc2104cead9325114335d6c7329296f726c47e2be7847b305b7;2;10016548;Mobile;US;4700 Rangeline Road;Não Informado;Não Informado;Não Informado;AL;36619
315098c6e241158838658f6596ef304a5d645641c31f989534991a0b30a80578;4;10025296;Sun Prairie;US;666  South Thompson Road;Não Informado;Não Informado;Não Informado;WI;53590-2553
3d91dfa65cbe6feb4be57163ca978fb50fa712b4063ddc762bd0f7f23ad2672f;5;10024016;Kanagawa;AU;1-16-33 Kotsubo Zushi;Não Informado;Não Informado;Não Informado;Não Informado;249-0008
e2e72022356f7301d6d263058ba7a706bc11e5c751448823ba524ac11b86a922;5;10017290;Bogota;UK;Transversal 49 No. 102-00;Não Informado;Não Informado;Não Informado;Não Informado;Não Informado
ea8427bf05407aadd69971c76530a4110d7b9ec610081a0f5ce8dd8517d1162c;0;10025023;Saskatoon;CA;815 Circle Drive East;Não Informado;Não Informado;Não Informado;SK;S7K 3S4
eeb5d3fb7dcac1b03bef047a5b35bc897547dd5075fb2172d20b8d4e11ffab29;2;10026299;Dallas;US;334 North Hall Street;Não Informado;Não Informado;Não Informado;TX;75226
675bab914a6a769254461c7d37156275b00e57e1f0207b75df1a58ea8c36629c;2;10021911;Te Rapa Hamilton;US;Cnr Avalon Drv & Tasman Road;PO Box 20077;Não Informado;Não Informado;MS;Não Informado
842fc3a08193a8fea42dd87b162d32f7078aac2cb004d701aedeff2901baa257;4;10025039;Mentor;US;9049 Tyler Blvd.;Não Informado;Não Informado;Não Informado;OH;44060
0d976224f26015708b3570e7d4691ece48deba2a1998debba92e33f1e51c1085;1;10014546;Phoenix;US;Division of Western Truck Sales Inc;3530 East Washington Street;Não Informado;Não Informado;AZ;85034
360ff128754cf78ab51e846044ef2c11c5ee248a34d2ac98c6dbff0c29842db6;2;10018623;Laurel;US;17 Perry Road;Não Informado;Não Informado;Não Informado;MS;39440
cd2d00b9cbbb7616aa8e43ceb0435caf825a464dd61520fbc9948dba29efe264;5;10012761;Cali;UK;Av 6A Norte 25 N 43;Não Informado;Não Informado;Não Informado;Não Informado;Não Informado
a1d0e414f4e59737448a432b5ceefa84f6a8c827eb9ca949e7b278cb741623a6;5;10004602;"";"";"";"";"";"";"";""
51aaa50cb4b60ee7fb2265ec350dee5610ff751aa8e71ab2fd76a566a13b08bd;4;10016334;Overland Park;US;Attention Accounts Payable Department;PO Box 12990;Não Informado;Não Informado;KS;66282-2990
e0675a6bd1d3734aabfa3b3ded178e4b7303039c58ecfcfeb1818316c0eeaa46;1;10020663;Sparks;US;540 South Rock Boulevard;Não Informado;Não Informado;Não Informado;NV;89431
273ef575a836d1d14726057dedb0bdb28f811e492a307c9db17f5cbbcf724ee7;2;10018580;Beaumont;US;PO Box 790;Não Informado;Não Informado;Não Informado;TX;77704
d600289091f46a3de4dca558b05749eb9f4b3e0105db6e1c8c3f486b4418ee70;4;10014803;Grand Rapids;US;3056 Eastern Avenue SE;Não Informado;Não Informado;Não Informado;MI;49508
44c551611cbed13e8a76a8f0f0e76652f1d07805def8f03d3e996e6e2e9bcdb4;5;10007253;"";"";"";"";"";"";"";""
bbb068293afbc0f056845decf2ae048bffe0f472a100b37508c67d38ebd4f04e;4;10016807;Overland Park;US;Attention  Accounts Payable Department;PO Box 12990;Não Informado;Não Informado;KS;66282-2990
afd2a9d1cc09af373b1ffcf44ac16f2b3a5d068aa9fd5afd3e98b160cfd106ff;1;10021418;Wheatridge;US;10930 West 44th Avenue;Não Informado;Não Informado;Não Informado;CO;80033
14157801295ec6bb2617a29cdaca22bce2b0d069017fe5c6e690c8aee4ca83c9;3;10025771;Waldorf;US;Southern Maryland 4 X 4 Inc;2588 Old Washington Road;Não Informado;Não Informado;MD;20601
203b7be9210eb24aeca4501427218a75282b679e3f417ebe3b83e0e7dafb6c44;5;10012328;"";"";"";"";"";"";"";""
d87d68521e50f3d2813ac53598d28917b5d0aebaf6dba218d86ee39b6894f770;5;10022167;Georgetown;AU;PO Box 10361;Não Informado;Não Informado;Não Informado;Não Informado;Não Informado
e81972eb60df72d12c7a7edd9d6b221b2c6b6752bf3af506c77eeb80af321e82;3;10002240;Medford;US;50 Mystic Avenue;Não Informado;Não Informado;Não Informado;MA;2155
b6db7c2f70366bb599721fe172919d201450a0fba039380c86ddd9bccacd1985;5;10009639;Industriestrasse 17;UK;Industriestrasse 17;8910 Affoltern AA;Não Informado;Não Informado;Não Informado;Não Informado
662833681acc93927a2a28aea466f70dd87966ac973cc605fe7bd738b0583abb;5;10007309;Não Informado;UK;Limited Reg Number 28388;40 Devil's Tower Road;PO Box 176;Não Informado;Não Informado;Não Informado
4ee7b770ff472b08570936b29ee4ffddeaa87afb67996fc192d468e6eb9a8458;5;10002128;"";"";"";"";"";"";"";""
1615cc7affdf54770baa0729c5dbf79d390301b21796c94f1e7dc63de129762b;4;10015495;Kansas City;US;Attention:  Accounts Payable;686 South Adams;Não Informado;Não Informado;KS;66105
3b3b81cb44e9c070eaf17bf5aa9e8b7acbd071a50eb8e1b3b6437171b57d4121;4;10009156;Attica;US;DBA Badlands Off Road Park;3968 North Xavier Road;Não Informado;Não Informado;IN;47918
d24fffee898df3f9e772383e29da0431cced98791ca144516e51c8cba0a2abc5;0;10000461;Boucherville;CA;1391 Gay Lussac;Não Informado;Não Informado;Não Informado;QU;J4B 7K1
078876232cedbf6f65a806f8b82a3c86da2ad5072d82a4d21aa3c3dded6753d6;2;10023524;Clemson;US;PO Box 1006;Não Informado;Não Informado;Não Informado;SC;29633
2e363e2996f4354fdb721464cf9935b304ab9ad184a711af4d01da99dd28d047;2;10024499;Houston;US;8302 Jet Pilot;Não Informado;Não Informado;Não Informado;TX;77075
83173ac64e132397146ae007ec71bb92a160f202600ac393049ad614e24de4b4;4;10021977;Overland Park;US;Attention  Accounts Payable Department;PO Box 12990;Não Informado;Não Informado;KS;66282-2990
8c34870d79ba048b1afef6fb18fa83ad46d0fa489df4aa32c9d8e244bdcf902b;1;10026843;Tulare;US;100 East Inyo;Não Informado;Não Informado;Não Informado;CA;93274
33af1e397d2f9c4acf95588ad223f4e9c6df1f87727eaafe9677c5af2ca4a17d;5;10013899;"";"";"";"";"";"";"";""
c23cafe9177f3e93a1c68b4a22e965658e60c7582b735b714fa1ea3b53b6ef81;0;10022687;Burnaby;CA;5325 Still Creek Road;Não Informado;Não Informado;Não Informado;BC;V2X 3K6
b083c3189c7c5b714dd565d34fc678a29e461aa40ebeb63135ed2d43d5c7ec44;4;10018871;Livonia;US;Field Accounting Department;PO Box 2003;Não Informado;Não Informado;MI;48151
f3dff3ca0af2784da7f4828d660e81da5d0dfe08b8af8cb516363df976b1ad10;2;10021936;Louisville;US;7779 Dixie Highway;Não Informado;Não Informado;Não Informado;KY;40258
cddddba9c24d90689f31c15e3cd72f4854dfc5403f291f29d8685cabb45e3fce;0;10009652;Valcourt;CA;550 Du Parc Boulevard;Não Informado;Não Informado;Não Informado;QU;J0E 2L0
67e00c4df2052cfdab2048143cce7d5b73c89f459595505796b3e6552885f71d;5;10000497;"";"";"";"";"";"";"";""
dc350129c2b1083f00d3d7a41d55d7e56be02761e88c8714fe84e958b676e417;5;10021411;"";"";"";"";"";"";"";""
4a79c788772c007a6137f4fbb007ca0b0a0fc5bc5d6adef33850e8f7a44a8139;5;10019469;"";"";"";"";"";"";"";""
4083f73ce20e0cc9d114aaae8303dd9c5c8e7d3981861c451015d4435a05bba2;5;10011499;"";"";"";"";"";"";"";""
99829a06024b3bdc93bb34a5e3bf52345751115594c4116262b28db6a71d690c;5;10021107;"";"";"";"";"";"";"";""
f8f046748393d4e11b529bd55c768849df517effee04c64c77ac7f4c395140ac;4;10023715;Plainfield;US;Central Division;PO BOX 600;Não Informado;Não Informado;IN;46168-0600
9816bb57bd65a64464ed4e025bfadd4c2c52ed3e38d969c446ee7db8e1769376;2;10008596;Springhill;US;PO Box 578;Não Informado;Não Informado;Não Informado;LA;71075
cafb65069e20528363c9364465ff40652b370e2ce7792edfdeb8aea88dda7498;3;10021996;Milton;US;8 N Industrial Park Road;Não Informado;Não Informado;Não Informado;PA;17847
e74f3f88d46d2a25b4eae5323dc1b76848e756714ae9764e2ccb1d07a90268a5;0;10019913;Calgary;CA;10901 Macleod Trail South;Não Informado;Não Informado;Não Informado;AB;T2J 4L3
4aabf4861c2712697187a785c1fbadab9e49392d096f9bed3320fc854179c8cd;0;10009653;Mississauga;CA;3355 American Drive;Não Informado;Não Informado;Não Informado;ON;L4V 1B3
5f894267c24cacc72a3d26ad25445fc037adfebe3a9d1353039a9f89755a3d77;3;10025549;Shady Grove;US;PO Box 21;Não Informado;Não Informado;Não Informado;PA;17256-0021
8eac92d520cf140b947f28537fa60d0f82cf32bfea70ddc1e8a9e3d00967c284;4;10014264;Springfield;US;1935 S Campbell;Não Informado;Não Informado;Não Informado;MO;65898
f8c1ebe2276517a70fef4111cec4485dfb35f511bc0a5b5a341f18ccfceece50;5;10012305;"";"";"";"";"";"";"";""
70df39ed08fdd8aeca8f8926748fec2460f414245f50dc8268e9c38b1151f796;2;10002765;Hialeah;US;4760 NW 165th Street;Não Informado;Não Informado;Não Informado;FL;33014
a2eb63e29c4a103b171e34728a337c081c6aa341907d40442abce6e79bfd4ce7;5;10014238;2215 TC Voorhout;IR;S Gravendam Seweg 53;Não Informado;Não Informado;Não Informado;Não Informado;Não Informado
2e5d3ce74700ce2b7602a00912c71efe57f5f90f83b52548e589d68331adde35;4;10014810;Canton;US;Attention: Accounts Payable Department;PO Box 8844;Não Informado;Não Informado;OH;44711-8844
be6efaeb3925f37934bbb86a08ff802d6cd762a093844bc864323b8b30a5e2f2;0;10025508;Moncton;CA;1809 Main Street;Não Informado;Não Informado;Não Informado;NB;E1E 1H5
eb1c7a9234a57c8a6c50c749740bdf8692ad4825a957c8bca1f69982a673b845;3;10025247;Pittsburgh;US;390 Fountain Street;Não Informado;Não Informado;Não Informado;PA;15238
dc31a68f4e90c38e0e1c4a562f14ecd78d88983f67d57efa251f8e27f12ecbdd;5;10013397;"";"";"";"";"";"";"";""
3b9df2e14bd998dc313eaafc5529963f86f1cd37ad4b6f3bbc017d2a1371b5ac;3;10008134;Petersburg;US;23308 Airpark Drive;Não Informado;Não Informado;Não Informado;VA;23803
deeefe61cc7880b062e0968d6aa95b4d8dc64528de91630c6743675d01048b24;1;10022456;Rancho Cordova;US;3340 A Sunrise Boulevard;Não Informado;Não Informado;Não Informado;CA;95742-7316
18a7e797f383daa031dcf1d4396e2f54f234772745bcb59d0ca2612a5b39b4a2;1;10025769;Redding;US;850 Commerce Street;Não Informado;Não Informado;Não Informado;CA;96002
66fb6322ae579f68b05b41e69ac70d9e3577e02797fe1cdd699b06d8a9fe7bc5;1;10009656;Trinity Center;US;PO Box 450;Não Informado;Não Informado;Não Informado;CA;96091
e6e8d808feadcac8aa3650024a0348d15ffee4906ef151e616f651a46eda52ce;5;10010865;"";"";"";"";"";"";"";""
39fd575a3c7c9d7754dc20cb242a460fae3473dad5553e44a402693c9dd1c041;5;10020715;Linares (Jaen);UK;Avda 10 De Mayo S/N;Não Informado;Não Informado;Não Informado;Não Informado;23700
dc194a801c21210ab6b043f98cc0fc671ed4f75111d71f70884b641f260c08c9;2;10009697;Orlando;US;4455 Dardanelle Drive;Não Informado;Não Informado;Não Informado;FL;32808
4269317409f769cfc3784c4981f0172d22a92cc41bc20063e577c883fc013235;5;10018371;00-394 Warsaw;UK;Solec 44;Não Informado;Não Informado;Não Informado;Não Informado;Não Informado
61f99cb6cc524d0d87869f9e980eea63c79aaaa44241406f4c4298a66c114314;4;10021986;Livonia;US;S&PD-Special Accounts Sales;PO Box 537940;Não Informado;Não Informado;MI;48153-7940
fecad1424b86796be794954a7c1ffe2a759a0cfb21551d51354d17f57edb500a;2;10017576;New Orleans;US;PO Box 10455;Não Informado;Não Informado;Não Informado;LA;70181
dbc8d09d7e5da7acb47acf32fe3ebb41b00b3a64edaba45ec0f4552210b469a3;5;10021240;"";"";"";"";"";"";"";""
20efff99f6e2dea594d4c73cd4573ac9a5d600a01a7958f991eadbcce60cf7bf;5;10015789;Jeddah;AU;PO Box 14311;Não Informado;Não Informado;Não Informado;Não Informado;21424
b0d0d5b5dd98824c3ca6250992d356cb122ce944e201f77bf0215ab45d516f02;1;10025033;Billings;US;226 North 13th;Não Informado;Não Informado;Não Informado;MT;59101
79f4927938975b87aaf4a77b7acc77f4026fc3a471a24f2efca311fc8e8ec6cf;5;10002412;"";"";"";"";"";"";"";""
0559bc54e9c7e4af201ef96fa90aa79425aea7455a1a286cb5c5b553f1786e26;5;10007258;"";"";"";"";"";"";"";""
97b11dc14c297db75cde51e43a1c1ad924dcaaf4ab296dda0243448b7ca39067;2;10016588;Schertz;US;6025 Corridor Parkway;Não Informado;Não Informado;Não Informado;TX;78154-3214
c341900e4190dde574692aa54e2d5f3e957fbec93473c95f18bd752b0e00a181;2;10025040;San Antonio;US;6127 San Pedro Avenue;Não Informado;Não Informado;Não Informado;TX;78216
7b02f9f3e498921eec653bf18ab77608454d3eb6b30ed5b0601c2fe7b7d40727;4;10025287;Brookfield;US;PO Box 366;Não Informado;Não Informado;Não Informado;WI;53008
8fc9bc1ae41b56136a12d3617101e7c39b4c4e1c790ebf3c48650e12836b5c96;5;10005236;"";"";"";"";"";"";"";""
a7ea0e1da434eccd4d53bf881b512bf81dd7345ef41096f01421064e6b54f925;5;10011623;"";"";"";"";"";"";"";""
2bccaf4d67e421f2292e5427b21b21047adf62dac7642cac7f3aae1758343fc7;2;10009907;Elizabethtown;US;PO Box 2143;Não Informado;Não Informado;Não Informado;KY;42702-2143
2ec8f51599e237afc95606eb20d605f440a846cdcffc4cd7f8498aed141980ab;4;10018644;Overland Park;US;Attention  Accounts Payable Department;PO Box 12990;Não Informado;Não Informado;KS;66282-2990
8273922f49c25b61af2a3991e7cb9307ff409ab515e1e74c93e788dc2bf3d170;3;10025038;Mechanicsburg;US;PO Box 568;Não Informado;Não Informado;Não Informado;PA;17055
a0d64ccd1f39cda98f6add7dfc663fbb48f60396b09f5a18d51de71717d23796;4;10026522;Fairmount;US;4353 W 1900 N-48;Não Informado;Não Informado;Não Informado;IN;46928
57479c462192b27957dbdbd8e87b8fc84adf3c3ed6191aa6654404084c7f2407;2;10025515;Jackson;US;3650 Bay Street;Não Informado;Não Informado;Não Informado;MS;39213
2b5acd641ed5510ee3e30be34d9c5f132479c3061c3a4038ecb8e603ce0a3621;1;10019388;Ft Collins;US;1101 N College Avenue;Não Informado;Não Informado;Não Informado;CO;80524
8990c56d516950e03b0fd79d49f870df5a5dbcec322d74c55e23e4607bf28af6;5;10007591;FIN 00710;UK;Hiekkakiventie 7;Não Informado;Não Informado;Não Informado;Não Informado;710
75d17f6bd7bad7d9da2889b7c03acd693fdafda62565edd01fda6dcc0052f55c;5;10013332;"";"";"";"";"";"";"";""
ff99b16ebb5765286791938374885f7972d9a263929be6c2d1d8dbf3f6d2e62c;5;10003749;"";"";"";"";"";"";"";""
4e45f2aa46651966638069b834bbe14888732a304a59208b6c5d5cfe20a81c6f;1;10011398;Eugene;US;1942 W 11th Avenue;Não Informado;Não Informado;Não Informado;OR;97402-3519
953d76b0ace59b1c6a25d5dfb1de5d28ed0499fc5c32a85f67d3d864e95b5622;4;10019665;Hammond;US;7940 New Jersey Avenue;Não Informado;Não Informado;Não Informado;IN;46323
0086319e195fdc128a19354df3c4c64a3d91534e449877d69e161742dcd71622;4;10019942;New Castle;US;299 East Country Road 300 South;Não Informado;Não Informado;Não Informado;IN;47362
2cfbc88b4b8ba7c2891a2089b573568a0a858ec689e6f933334628db855ac75c;2;10007564;Cleveland;US;1287 US Highway 59 North;Não Informado;Não Informado;Não Informado;TX;77327
01b54b384c8a96a29b0a8e27e108768ea7c861619f9bf7f0887be6261ad9aa74;3;10012715;Exeter;US;44 Tunkhannock Avenue;Não Informado;Não Informado;Não Informado;PA;18643
5ef95a72e90b241b5e15edcdc138d3b5c96fd1426655d91cd78cb44c2e76317c;3;10016303;Buffalo;US;60 Depot Street;Não Informado;Não Informado;Não Informado;NY;14206
ad598014c96feb7789a4e29a59255cf9376595a9768347ab726424464f76f60a;3;10011198;Framingham;US;703 Waverly Street;Route 135;Não Informado;Não Informado;MA;1702
856c1313756ff19b4924a0a7cd2067a86e0bc6d254c80a88738e5c32f558561f;4;10000462;Hazelwood;US;6311 North Lindbergh Boulevard;Não Informado;Não Informado;Não Informado;MO;63042
635419493253e0eef08c40975cbf85a866ed3273fd7c79491d96b8a64bf1987d;3;10008602;Wells;US;209 Sanford Road (Route 109);Não Informado;Não Informado;Não Informado;ME;4090
4d310aa55f32bca30663a0e3c1bdad2cfe315bc9fc1520a5937671b589f631bb;1;10011981;Missoula;US;PO Box 2640;Não Informado;Não Informado;Não Informado;MT;59806
f5a3b4298144b4dd14ab2a845e976a0f3c8228313ad22fe079adc1bcc0c0e954;3;10019105;Mechanicsville;US;6029 Mechanicsville Pike;Não Informado;Não Informado;Não Informado;VA;23111
b9362ec8794c86c59a8efe1ccfe2cf8adabe26cea2c2ccc604d976067adda834;5;10000501;"";"";"";"";"";"";"";""
369504a2ca34e2a0694dc5681840c7d28b09691f63618c37374d17ddc51f56d6;5;10020306;"";"";"";"";"";"";"";""
ee1240ba4a20479654dc9bb2eeed0c73bfe32fd8c0df33fe8373c3dd7c4d2969;2;10016549;Jacksonville;US;PO Box 6307;Não Informado;Não Informado;Não Informado;FL;32236
520d221df22c8cc3844b2306338e9b67954cd3c3df3565f06bf832476693241e;2;10019897;El Paso;US;7210 Gateway East;Não Informado;Não Informado;Não Informado;TX;79915
2820d50ef4a1eaba2189e9b01611b947dac3cd433d507c1aff20cc89ac8ea94e;4;10014533;Aurora;US;Chicago PDC #22;Attention  Accounts Payable;PO Box 2060;Não Informado;IL;60507-2060
109d2bdb3d31e00132170e3d26073dde906562405780d65c901606a85c1fa3c6;5;10011870;"";"";"";"";"";"";"";""
b5a04a9a76d1e1ae420176350e71c51a855d4837fff40de843e4f55054a04f3f;5;10011052;"";"";"";"";"";"";"";""
a83f376c3abac8530b5d3f712fbb066dec1ce8e2418414626533e7e5802b697f;2;10026839;Greenwood;US;1201 Sycamore Avenue;Não Informado;Não Informado;Não Informado;MS;38930
431ce2588212b64a962e1d777589d44b4baf7467c60ef59473d0f5f644bb0215;1;10014047;Fresno;US;1510 Merced Street;Não Informado;Não Informado;Não Informado;CA;93706
5386e39bf2934f5e98a64d179397e965d16e3eae794c3596d41a1b8aeb02a8b9;2;10021911;Tupelo;US;PO Box 2187;Não Informado;Não Informado;Não Informado;MS;38803-2187
54dadb8d835ca7f8a37927c5c2518d09f5952342458bd4431bc2b1c3bfcc6b2f;4;10000481;Chicago;US;Box 5516;Não Informado;Não Informado;Não Informado;IL;60680
02450157243553853beea0002f0f4ec42a6b03bec84e7363c53c2d20a5c8a247;4;10009642;Joliet;US;812 Draper Avenue;Não Informado;Não Informado;Não Informado;IL;60432
429b47cc7fe7ff1578218e387d06e9916f8aee7f1dac66a19daf13fb504ee58b;2;10023516;Miami;US;2900 Northwest 73rd Street;Não Informado;Não Informado;Não Informado;FL;33147
daa84023de64d39689ee78703a6efccb8bd8c8a74cb354620b81a622f6c04b9f;5;10026438;"";"";"";"";"";"";"";""
31850aac2509ad25c4941760d4485242210476eb154c94cc08d43c13a1c840f0;5;10000457;"";"";"";"";"";"";"";""
286111bcd3e89d2163bb1720749b1ada52bc5d500b113652a5d669a21c00ff69;5;10006919;"";"";"";"";"";"";"";""
d91c650f7f982c6829c6e6bfa83384ebd8f0ba16da62cefaffc0929ec835e4e2;4;10025291;Dover;US;217 West 3rd Street;Não Informado;Não Informado;Não Informado;OH;44622
8c686136bff5ab4396e45f2edacf41310750afd2d51805bbc04ffd131b238eed;5;10004207;"";"";"";"";"";"";"";""
2802990474256f252c18a6706edc486edd2309bd840c14e62e919bb342d800ab;5;10022746;A 5102 Anthering;UK;Landstrasse 18;Não Informado;Não Informado;Não Informado;Não Informado;Não Informado
846b88827d02d61e3aa4f3303faf37b15d70947ace97ba80415058a158744c06;3;10008638;Milesburg;US;301 Iddings Street;PO Box 865;Não Informado;Não Informado;PA;16853
93bee4ce04a87329764f2b504801f7dbb648862a0f59d4f582cc56d3e035e6e1;5;10021736;"";"";"";"";"";"";"";""
2fc6c0a99865e00543b47d99c353bd54c551f74dc3b05b0391f24d7b45ab6052;5;10025467;"";"";"";"";"";"";"";""
7bb95acf3867ba67bf10d1827baa9c89c02e036fae8c02f23d8294c3aa545326;5;10009669;Não Informado;UK;Não Informado;Não Informado;Não Informado;Não Informado;Não Informado;Não Informado
ee6be0dbc5709fd0dc13856362f124d92f7f826843a818ccd8ebde93fca49cde;5;10025022;West Midlands;UK;Bromley St Lye Stourbridge;Não Informado;Não Informado;Não Informado;Não Informado;DY9 8HS
b30ea4d2ce2e380d71984e5962d058c10da6ca27005f7ad695b99befcb1d3312;0;10018146;Fort Macleod;CA;Box 1178;Não Informado;Não Informado;Não Informado;AB;T0L 0Z0
2b047beb37bb2d4a5c15fd8442d0b481838ed26296b2ed11d58e7211948f3be2;5;10026038;"";"";"";"";"";"";"";""
4598fc4b64fb6fd8fc0ed4425a89424bdb165e66c60afd48c8cc9809807adde5;5;10023964;"";"";"";"";"";"";"";""
20bbf14a64acfe0dce85a24a412bc4807c972054f003654b667e3b95758ba1dd;1;10024248;Portland;US;9440 North Whitaker Road;Não Informado;Não Informado;Não Informado;OR;97217
365fa319bb2423954386468e218016155d9cf464044dcb81e7456a5ed921b96d;2;10026062;Houston;US;2301 Central Parkway;Não Informado;Não Informado;Não Informado;TX;77092
9898bcf1fcfaf16b4bc50fd57f47f55952fc703b6443b05e2be77aa01519c789;2;10027560;Odessa;US;3356 Kermit Highway;Não Informado;Não Informado;Não Informado;TX;79764
fb5fc5cccb4389e58fb0b6883446130d1e33f4d04b23acfbf50a0431ced00678;5;10012161;"";"";"";"";"";"";"";""
f5379cc9cdf253b9196c92e742f9109150b00ce2f6b4679f83a1ed726f9fe1c9;5;10010923;Seocho-GU;AU;231 Yangjae Dong;Não Informado;Não Informado;Não Informado;Não Informado;137-938
4cc62c1c57046e91a5d3879834337c4f6cfe72cdf307267a2b2f08373c309b72;4;10023023;Thief River Falls;US;600 South Brooks Avenue;Não Informado;Não Informado;Não Informado;MN;56701
a6f844ce9ae8d2ac4209a8151d99634d6f4710b30eb0eae2083ab93e8076bb26;1;10025034;Corona;US;395 Smitty Way;Não Informado;Não Informado;Não Informado;CA;91720
34ed6d221e1ec2fae265f5bc2b09e874e5093a1218ebb99990929d57cd1cbb01;4;10024541;Bedford;US;Americas Body Company;PO Box 46539;Não Informado;Não Informado;OH;44146
93d47bd7f681989509fd349f343011ba3d4f4cdc2597fc4592984600ef6a562c;4;10024255;Pontiac;US;Division Of Pontiac Michigan;17575 PP-CPDC;1251 Joslyn Road Dock 4;Não Informado;MI;48340-2956
7a17790c0c13634552789e75337c21f6589c18fcd870982612a4f2f44a8bee57;1;10004256;Portland;US;PO Box 20505;Não Informado;Não Informado;Não Informado;OR;97294
e372e6c236ef9eac15148e536291ee8aeb73098515acf09f5da884dfb6415c72;5;10025288;Furstentum;AU;Kirchstrasse 39;FL 9490 Vaduz;Não Informado;Não Informado;Não Informado;Não Informado
3becbaaf9d3031ff4887781b5d4d3323d7d76f5aeb61686694450f4cce6f5d53;1;10024270;Maxwell;US;PO Box 1010;Não Informado;Não Informado;Não Informado;CA;95955
f1ae1616e8c3561ceb5c5f279171d22c27c88bb09a26a2b3c16756c684a0da16;5;10025267;"";"";"";"";"";"";"";""
1b0d4e12ff63754970d7fd2378f7bcfc0ddfc31082db4f05246b3dd2e85139e0;5;10013871;"";"";"";"";"";"";"";""
b352a5aacb3186536b68c41721517e8d748f7f581bfce01703fa0b2beb4041eb;0;10021472;Surrey;CA;9475 192 Street;Não Informado;Não Informado;Não Informado;BC;V3T 4W2
f40c3d0714334b10f21fd49c5dcdfd31a11e9d619f89c59863d9896bcd544857;5;10002136;"";"";"";"";"";"";"";""
d470999222639c2614a5e397668183ca082573960877cbb6aaa7d40c2b409a82;5;10021331;"";"";"";"";"";"";"";""
04f0d39f23f07316da9b9008b0f8a3a2682bd4791a77dec1c377cc0b645512f6;5;10020864;"";"";"";"";"";"";"";""
70dccda4b4e4321cbdd99cdc0733d25fe4fbebf80a6fd6c0801667c6ef73e905;2;10025243;Longview;US;PO Box 5308;Não Informado;Não Informado;Não Informado;TX;75608
f048fdf288abbdcde3fe8c1974c911a4fbb8d247838b24bba90220131222b661;4;10020390;Lansing;US;16241 South Us 27;Não Informado;Não Informado;Não Informado;MI;48906
db5d2ec8667d8c2655222f6bb111bc7fa263cd0bb52d914453e42aa9ccff4ece;5;10015253;"";"";"";"";"";"";"";""
7468991c561c8a8cf8bbd6438f2077a32f1684d5d48292aea6ed497f67551809;1;10020192;Sacramento;US;3248 Auburn Boulevard;Não Informado;Não Informado;Não Informado;CA;95821
c8424c47eefe240400f2c124275f67a6db653fe038ab6d01cad9f1318dcec146;3;10009662;West Point;US;610 Garfield Avenue;Não Informado;Não Informado;Não Informado;PA;19486
3d7db5f9f775b8c3dabf73d6f2d20809d474eea4a29c38e9d36eecffbb0c1880;1;10024262;Oakland;US;124 Hegenberger Loop;Não Informado;Não Informado;Não Informado;CA;94621
8bb321f6d020302f229522467dfbda1460e2b50b54f5bc7c21f07e46b31f8814;1;10019678;Sacramento;US;3248 Auburn Boulevard;Não Informado;Não Informado;Não Informado;CA;95821
4bc649c7634e326bae26f45ecc5902db0aa8aff86b082669fcc4062184d0c7ae;5;10001818;"";"";"";"";"";"";"";""
1887045054a2af9af88b5e4a3bc65d4d198f2be62937afe7f67b1e81d9e7afa4;5;10001103;"";"";"";"";"";"";"";""
18e11d8561c574cb11b58842a3c8de5d84d732f8cffe2fff28a6f08bc40cfad3;4;10025571;Des Moines;US;PO Box 3283;Não Informado;Não Informado;Não Informado;IA;50316-0283
f894073a75a3c860f8725a75aa65a84952a692429610f997844f60e975272518;2;10023244;Cleveland;US;PO Box 899;Não Informado;Não Informado;Não Informado;MS;38732-0899
85e755a7864a15cdf003e25eb3c6fc1c3c59b316447e69c82d658f2f04535af1;2;10019150;Jacksonville;US;Jacksonville PDC #21;Attention  Accounts Payable;PO Box 23017;Não Informado;FL;32241-3017
